,co2_per_capita,cement_co2_per_capita,coal_co2_per_capita,gas_co2_per_capita,other_industry_co2,oil_co2_per_capita
2659,0.905,0.019,0.674,0.02,18.925,0.173
2660,0.807,0.018,0.551,0.024,20.417,0.195
2661,0.762,0.019,0.485,0.026,21.108,0.211
2662,0.787,0.02,0.48,0.029,22.069,0.232
2663,0.812,0.022,0.472,0.033,24.271,0.248
2664,0.867,0.024,0.493,0.036,23.383,0.27
2665,0.922,0.027,0.509,0.039,24.192,0.3
2666,0.915,0.027,0.464,0.041,25.244,0.325
2667,0.986,0.028,0.48,0.044,26.197,0.375
2668,1.093,0.031,0.524,0.049,28.285,0.418
2669,1.257,0.034,0.602,0.049,31.22,0.497
2670,1.344,0.037,0.628,0.051,31.605,0.539
2671,1.389,0.039,0.624,0.053,34.576,0.575
2672,1.459,0.042,0.63,0.059,37.544,0.615
2673,1.453,0.04,0.627,0.065,38.011,0.611
2674,1.493,0.041,0.676,0.07,34.406,0.611
2675,1.556,0.043,0.67,0.074,36.52,0.659
2676,1.625,0.046,0.7,0.078,36.415,0.695
2677,1.666,0.052,0.718,0.084,37.506,0.708
2678,1.702,0.052,0.733,0.094,38.527,0.734
2679,1.668,0.052,0.736,0.106,35.586,0.697
2680,1.625,0.053,0.736,0.112,34.129,0.669
2681,1.648,0.055,0.773,0.104,35.625,0.66
2682,1.68,0.057,0.797,0.104,38.366,0.672
2683,1.744,0.059,0.852,0.131,41.674,0.661
2684,1.81,0.062,0.913,0.143,44.857,0.655
3135,2.989,0.11,0.775,0.501,20.67,1.535
3136,3.459,0.112,0.773,0.532,20.246,1.958
3137,3.133,0.118,0.74,0.558,19.139,1.655
3138,3.172,0.124,0.724,0.59,20.626,1.676
3139,3.222,0.128,0.698,0.613,20.262,1.707
3140,3.179,0.131,0.695,0.601,20.508,1.681
3141,3.223,0.133,0.712,0.621,20.331,1.681
3142,3.229,0.134,0.724,0.645,21.659,1.645
3143,3.096,0.118,0.699,0.63,20.231,1.576
3144,3.199,0.12,0.704,0.682,20.436,1.621
3145,3.332,0.123,0.785,0.689,20.882,1.656
3146,3.329,0.126,0.799,0.694,20.232,1.636
3147,3.359,0.131,0.824,0.733,20.921,1.599
3148,3.467,0.13,0.874,0.782,22.169,1.603
3149,3.563,0.132,0.894,0.835,22.794,1.625
3150,3.593,0.134,0.916,0.866,24.813,1.6
3151,3.634,0.136,0.94,0.922,26.226,1.557
3152,3.653,0.144,0.99,0.939,26.593,1.507
3153,3.681,0.149,0.975,0.986,25.586,1.498
3154,3.632,0.148,0.963,0.97,21.981,1.48
3155,3.8,0.153,1.026,1.032,24.149,1.52
3156,3.881,0.159,1.05,1.102,26.47,1.496
3157,3.995,0.164,1.071,1.119,27.338,1.564
3158,3.936,0.171,1.059,1.103,30.833,1.524
3159,3.96,0.173,1.084,1.169,30.487,1.455
3160,4.026,0.171,1.094,1.197,31.295,1.485
3161,4.043,0.177,1.099,1.213,29.802,1.474
3162,4.115,0.18,1.156,1.22,30.299,1.477
3163,4.135,0.186,1.187,1.234,29.797,1.45
3164,4.127,0.185,1.223,1.223,28.721,1.423
3165,3.901,0.19,1.166,1.201,27.989,1.274
3166,3.994,0.197,1.175,1.234,29.834,1.314
3167,4.017,0.188,1.196,1.202,29.834,1.36
3408,16.316,0.203,8.322,2.021,2.316,5.207
3430,17.888,0.155,8.322,2.996,3.848,5.881
3431,17.276,0.143,7.631,3.023,3.602,5.941
3432,16.747,0.134,7.164,3.015,4.037,5.866
3433,16.85,0.129,7.313,3.002,4.058,5.781
3434,16.956,0.121,7.421,3.056,3.946,5.68
3435,16.822,0.123,7.195,3.068,3.93,5.672
3436,16.628,0.118,6.781,3.141,3.93,5.752
3437,16.398,0.12,6.505,3.181,3.899,5.642
3438,15.453,0.11,6.104,3.252,3.773,5.274
3439,14.915,0.112,5.846,3.092,4.037,5.196
3440,14.985,0.111,5.505,3.19,4.037,5.518
3613,8.096,0.265,2.362,1.541,1.157,3.764
3614,8.48,0.259,2.411,1.612,1.041,4.05
3615,7.686,0.268,1.835,1.597,0.986,3.845
3616,7.677,0.257,1.679,1.647,0.985,3.955
3617,7.696,0.265,1.696,1.721,1.005,3.871
3618,8.059,0.205,1.941,1.875,1.106,3.882
3619,8.468,0.205,1.894,1.985,1.04,4.244
3620,8.445,0.221,2.028,1.921,1.093,4.124
3621,8.39,0.2,1.719,1.971,1.095,4.346
3622,8.218,0.201,1.736,2.015,1.082,4.109
3623,8.261,0.214,1.966,1.906,1.119,4.015
3624,8.728,0.214,2.06,2.01,1.141,4.28
3625,8.909,0.215,2.072,1.989,1.21,4.463
3626,9.532,0.216,2.209,2.126,1.173,4.813
3627,9.509,0.219,2.174,2.162,1.216,4.785
3628,9.614,0.218,2.171,2.273,1.183,4.788
3629,9.291,0.236,2.161,2.116,1.184,4.612
3630,8.936,0.257,2.104,1.989,1.226,4.415
3631,8.832,0.256,2.046,2.095,1.255,4.264
3632,8.069,0.216,1.538,2.042,1.029,4.125
3633,8.612,0.194,1.853,2.245,1.139,4.161
3634,8.331,0.199,1.885,2.113,1.233,3.966
3635,7.982,0.198,1.742,2.01,1.156,3.872
3636,7.993,0.195,1.764,1.926,1.179,3.946
3637,7.509,0.192,1.615,1.749,1.199,3.794
3638,7.679,0.197,1.663,1.847,1.169,3.818
3639,7.695,0.198,1.526,1.916,1.188,3.904
3640,7.912,0.194,1.594,2.043,1.217,3.927
3641,7.53,0.207,1.391,1.925,1.222,3.855
3642,7.653,0.199,1.464,2.003,1.187,3.839
3643,6.974,0.204,1.276,1.904,1.149,3.448
3644,7.399,0.212,1.393,2.009,1.288,3.632
3645,6.878,0.211,1.264,1.769,1.288,3.48
4655,10.389,0.094,0.977,2.55,3.628,6.419
4656,9.952,0.091,0.944,2.427,3.313,6.172
4657,8.924,0.087,0.834,3.159,3.027,4.555
4658,7.687,0.081,0.731,2.867,2.537,3.764
4659,6.48,0.06,0.603,2.555,1.584,3.11
4660,5.822,0.054,0.563,2.327,1.5,2.734
4661,5.915,0.061,0.56,2.513,1.507,2.636
4662,5.921,0.079,0.484,2.905,1.784,2.281
4663,5.8,0.088,0.461,2.857,1.761,2.223
4664,5.623,0.086,0.399,2.977,1.446,2.02
4665,5.353,0.084,0.409,3.055,1.293,1.678
4666,5.294,0.081,0.366,3.102,1.352,1.612
4667,5.312,0.097,0.318,3.157,1.5,1.591
4668,5.473,0.116,0.312,3.338,1.631,1.544
4669,5.826,0.13,0.297,3.635,1.749,1.587
4670,5.97,0.148,0.298,3.722,1.941,1.606
4671,6.253,0.159,0.293,3.789,1.914,1.817
4672,6.128,0.165,0.284,3.854,1.927,1.629
4673,6.42,0.185,0.268,3.947,1.848,1.83
4674,6.208,0.192,0.274,3.261,1.715,2.304
4675,6.417,0.202,0.298,4.064,1.689,1.678
4676,6.316,0.203,0.306,3.851,1.562,1.795
4677,6.452,0.226,0.516,3.798,1.441,1.763
4678,6.617,0.245,0.499,3.808,1.307,1.93
4679,6.566,0.274,0.478,3.775,1.378,1.896
4680,6.061,0.234,0.422,3.5,1.295,1.771
4681,5.988,0.227,0.38,3.49,1.033,1.783
4682,6.117,0.229,0.4,3.581,1.153,1.787
4683,6.411,0.223,0.409,3.797,1.034,1.875
4684,6.419,0.235,0.424,3.792,0.993,1.864
4685,6.13,0.239,0.392,3.539,0.973,1.858
4686,6.362,0.234,0.403,3.776,0.951,1.849
4687,6.167,0.235,0.405,3.682,0.951,1.745
4849,12.078,0.284,4.156,1.993,2.658,5.37
4850,12.352,0.288,4.017,2.164,2.479,5.625
4851,12.229,0.308,3.806,2.217,2.377,5.652
4852,12.09,0.307,3.64,2.311,2.372,5.587
4853,12.394,0.316,3.775,2.353,2.455,5.698
4854,12.475,0.322,3.661,2.606,2.597,5.62
4855,12.79,0.297,3.379,2.886,2.419,5.98
4856,12.21,0.311,3.143,2.732,2.468,5.772
4857,12.781,0.312,3.26,3.029,2.532,5.922
4858,12.195,0.304,2.83,3.225,2.553,5.575
4859,12.346,0.319,3.086,3.234,2.684,5.43
4860,12.228,0.287,2.744,3.195,2.68,5.728
4861,12.251,0.289,2.765,3.211,2.745,5.705
4862,12.329,0.282,2.669,3.364,2.662,5.747
4863,12.315,0.271,2.702,3.346,2.847,5.714
4864,11.945,0.279,2.491,3.389,2.679,5.522
4865,11.705,0.294,2.394,3.344,2.801,5.396
4866,11.307,0.29,2.174,3.345,2.693,5.235
4867,11.203,0.283,2.168,3.327,2.723,5.16
4868,9.977,0.259,1.404,3.378,1.961,4.745
4869,10.535,0.237,1.611,3.709,2.18,4.768
4870,9.59,0.252,1.523,3.156,2.299,4.44
4871,9.283,0.24,1.367,3.165,2.116,4.311
4872,9.251,0.229,1.381,3.177,2.106,4.266
4873,8.681,0.236,1.324,2.773,2.115,4.152
4874,8.992,0.209,1.283,3.006,2.176,4.292
4875,8.803,0.215,1.197,3.037,2.083,4.163
4876,8.701,0.201,1.169,3.076,2.073,4.064
4877,8.732,0.221,1.167,3.152,2.048,4.001
4878,8.642,0.245,1.146,3.144,1.872,3.934
4879,7.88,0.228,0.913,3.118,1.639,3.471
4880,8.239,0.229,1.008,3.128,1.721,3.717
4881,7.688,0.228,1.096,2.715,1.721,3.492
6504,1.451,0.073,0.246,0.05,3.688,1.007
6505,1.496,0.077,0.277,0.048,3.755,1.022
6506,1.498,0.063,0.264,0.051,3.948,1.047
6507,1.542,0.064,0.267,0.055,4.241,1.081
6508,1.578,0.063,0.271,0.056,4.098,1.113
6509,1.643,0.071,0.279,0.059,4.104,1.164
6510,1.742,0.084,0.28,0.064,4.248,1.242
6511,1.821,0.091,0.279,0.07,4.338,1.304
6512,1.855,0.095,0.267,0.073,4.141,1.342
6513,1.886,0.095,0.27,0.081,4.352,1.357
6514,1.934,0.091,0.287,0.105,5.008,1.362
6515,1.942,0.085,0.277,0.13,4.811,1.357
6516,1.927,0.08,0.27,0.162,4.956,1.325
6517,1.887,0.072,0.284,0.169,5.064,1.273
6518,1.957,0.072,0.291,0.207,5.505,1.298
6519,1.951,0.077,0.273,0.212,5.356,1.286
6520,1.954,0.082,0.269,0.223,5.41,1.283
6521,2.047,0.09,0.288,0.227,5.666,1.342
6522,2.142,0.098,0.287,0.266,5.69,1.387
6523,2.004,0.098,0.224,0.211,5.06,1.351
6524,2.242,0.108,0.289,0.28,5.95,1.457
6525,2.334,0.115,0.314,0.268,6.337,1.533
6526,2.492,0.125,0.305,0.317,6.403,1.639
6527,2.639,0.132,0.325,0.37,6.486,1.697
6528,2.742,0.132,0.339,0.4,6.278,1.753
6529,2.58,0.122,0.338,0.392,6.392,1.61
6530,2.382,0.108,0.309,0.337,6.392,1.513
6531,2.384,0.097,0.32,0.337,6.392,1.516
6532,2.274,0.098,0.313,0.319,6.392,1.431
6533,2.236,0.099,0.292,0.317,6.392,1.414
6534,2.085,0.11,0.264,0.276,6.392,1.324
6535,2.32,0.114,0.316,0.354,6.392,1.424
6536,2.245,0.11,0.261,0.278,6.392,1.486
7122,8.741,0.244,3.961,1.38,1.164,3.009
7123,7.046,0.145,3.644,1.163,0.829,1.989
7124,6.611,0.127,3.627,1.023,0.678,1.74
7125,6.777,0.134,3.837,0.946,0.644,1.767
7126,6.594,0.169,3.671,0.949,0.683,1.707
7127,6.831,0.235,3.694,1.176,0.765,1.616
7128,6.958,0.233,3.746,1.214,0.756,1.657
7129,6.709,0.189,4.089,0.989,0.57,1.356
7130,6.45,0.136,3.9,0.868,0.456,1.474
7131,5.675,0.136,3.259,0.754,0.368,1.465
7132,5.608,0.15,3.258,0.824,0.443,1.307
7133,6.089,0.153,3.742,0.769,0.451,1.353
7134,5.781,0.152,3.489,0.696,0.531,1.362
7135,6.375,0.161,3.94,0.732,0.511,1.463
7136,6.297,0.184,3.807,0.739,0.569,1.479
7137,6.474,0.207,3.773,0.84,0.602,1.561
7138,6.675,0.2,3.862,0.866,0.804,1.627
7139,7.214,0.256,4.323,0.892,0.869,1.612
7140,7.039,0.248,4.233,0.875,0.938,1.541
7141,5.994,0.129,3.573,0.662,0.786,1.484
7142,6.297,0.106,3.859,0.707,1.028,1.44
7143,7.043,0.104,4.572,0.815,1.19,1.342
7144,6.449,0.131,3.928,0.769,1.099,1.422
7145,5.731,0.12,3.364,0.755,1.074,1.292
7146,6.126,0.124,3.606,0.758,1.119,1.435
7147,6.584,0.151,3.787,0.811,1.305,1.573
7148,6.257,0.165,3.334,0.819,1.339,1.642
7149,6.604,0.173,3.591,0.841,1.307,1.695
7150,6.109,0.172,3.104,0.812,1.28,1.741
7151,5.988,0.161,2.945,0.744,1.244,1.845
7152,5.235,0.153,2.323,0.763,1.141,1.735
7153,6.14,0.154,2.957,0.906,1.313,1.851
7154,6.804,0.155,3.548,0.757,1.313,2.068
8052,16.578,0.211,3.593,4.546,3.13,7.683
8053,16.068,0.17,3.724,4.475,3.276,7.148
8054,16.369,0.169,3.779,4.68,2.979,7.17
8055,16.205,0.171,3.456,4.805,2.946,7.204
9060,1.221,0.01,1.144,0.003,18.925,0.035
9061,0.871,0.004,0.797,0.004,20.417,0.034
9062,0.692,0.004,0.62,0.003,21.108,0.033
9063,0.668,0.005,0.594,0.003,22.069,0.034
9064,0.654,0.007,0.57,0.003,24.271,0.039
9065,0.691,0.009,0.598,0.003,23.383,0.048
9066,0.74,0.011,0.632,0.003,24.192,0.06
9067,0.605,0.008,0.504,0.004,25.244,0.056
9068,0.635,0.007,0.529,0.003,26.197,0.062
9069,0.758,0.009,0.625,0.005,28.285,0.083
9070,0.982,0.013,0.81,0.007,31.22,0.115
9071,1.078,0.016,0.873,0.009,31.605,0.142
9072,1.123,0.017,0.893,0.011,34.576,0.16
9073,1.144,0.018,0.889,0.013,37.544,0.18
9074,1.143,0.017,0.863,0.016,38.011,0.203
9075,1.293,0.021,0.991,0.019,34.406,0.223
9076,1.32,0.021,0.98,0.021,36.52,0.257
9077,1.423,0.024,1.059,0.025,36.415,0.273
9078,1.563,0.028,1.17,0.028,37.506,0.295
9079,1.576,0.031,1.185,0.029,38.527,0.288
9080,1.521,0.033,1.143,0.028,35.586,0.278
9081,1.481,0.034,1.128,0.024,34.129,0.257
9082,1.585,0.038,1.232,0.023,35.625,0.254
9083,1.646,0.043,1.284,0.023,38.366,0.256
9084,1.767,0.048,1.393,0.023,41.674,0.26
9085,1.885,0.056,1.494,0.023,44.857,0.268
10572,4.714,0.223,0.612,1.0,0.211,2.716
10573,3.506,0.145,0.394,0.843,0.157,1.972
10574,3.411,0.172,0.311,0.899,0.104,1.885
10575,3.507,0.142,0.252,0.987,0.112,1.937
10576,3.33,0.173,0.167,0.911,0.12,1.908
10577,3.498,0.13,0.178,0.8,0.117,2.192
10578,3.645,0.143,0.143,0.906,0.144,2.251
10579,3.939,0.17,0.227,0.965,0.147,2.384
10580,4.08,0.185,0.218,0.923,0.153,2.575
10581,4.348,0.245,0.193,0.971,0.14,2.764
10582,4.322,0.276,0.395,1.003,0.169,2.455
10583,4.611,0.32,0.423,1.076,0.201,2.578
10584,4.882,0.318,0.517,1.121,0.222,2.704
10585,5.203,0.32,0.583,1.099,0.225,2.988
10586,5.15,0.34,0.623,1.183,0.238,2.776
10587,5.269,0.348,0.62,1.155,0.282,2.911
10588,5.33,0.37,0.578,1.145,0.321,2.99
10589,5.643,0.377,0.63,1.333,0.322,3.065
10590,5.37,0.357,0.648,1.296,0.321,2.851
10591,4.976,0.285,0.463,1.199,0.22,2.848
10592,4.811,0.277,0.627,1.308,0.215,2.427
10593,4.745,0.249,0.642,1.279,0.195,2.403
10594,4.405,0.239,0.573,1.199,0.153,2.249
10595,4.278,0.265,0.622,1.14,0.144,2.113
10596,4.127,0.286,0.6,1.005,0.149,2.099
10597,4.189,0.275,0.558,1.048,0.149,2.214
10598,4.287,0.255,0.606,1.12,0.136,2.218
10599,4.471,0.307,0.37,1.296,0.149,2.388
10600,4.26,0.291,0.348,1.212,0.152,2.304
10601,4.324,0.287,0.406,1.27,0.143,2.257
10602,4.118,0.296,0.348,1.347,0.153,2.019
10603,4.288,0.297,0.407,1.32,0.186,2.148
10604,4.349,0.294,0.41,1.197,0.186,2.331
11271,12.238,0.201,8.151,1.795,1.626,1.898
11272,11.384,0.192,7.378,1.803,1.682,1.817
11274,12.428,0.159,8.289,1.887,1.803,1.885
11275,12.109,0.137,8.075,1.811,1.765,1.881
11276,12.448,0.145,8.194,1.851,1.763,2.055
11277,12.503,0.159,8.129,1.863,1.784,2.148
11278,12.227,0.158,7.841,1.825,1.788,2.198
11279,12.281,0.17,7.946,1.787,1.779,2.173
11280,12.419,0.198,8.089,1.689,1.867,2.233
11281,11.847,0.192,7.579,1.667,1.778,2.209
11282,11.035,0.15,7.032,1.566,1.577,2.111
11283,11.227,0.14,7.124,1.758,1.644,2.022
11284,10.975,0.159,7.026,1.603,1.776,1.993
11285,10.589,0.144,6.733,1.582,1.697,1.943
11286,10.151,0.127,6.36,1.6,1.723,1.881
11287,9.913,0.141,6.171,1.437,1.725,1.98
11288,9.979,0.148,6.112,1.512,1.697,2.028
11289,10.133,0.161,6.148,1.616,1.698,2.031
11290,10.234,0.164,6.106,1.682,1.736,2.104
11291,10.096,0.177,6.035,1.58,1.801,2.123
11292,9.588,0.188,5.454,1.648,1.658,2.134
11293,8.707,0.18,4.722,1.655,1.492,2.004
11294,9.197,0.186,4.898,1.812,1.632,2.14
11295,9.336,0.187,5.36,1.485,1.632,2.144
11616,10.395,0.151,4.666,0.846,0.819,4.507
11617,12.427,0.192,6.314,0.953,0.689,4.708
11618,11.27,0.218,5.243,0.998,0.599,4.564
11619,11.663,0.22,5.478,1.127,0.549,4.62
11620,12.404,0.224,5.865,1.255,0.643,4.827
11621,11.777,0.237,4.89,1.447,0.759,4.971
11622,14.25,0.25,6.685,1.695,0.68,5.397
11623,12.4,0.249,4.955,1.777,0.76,5.143
11624,11.557,0.262,4.193,1.922,0.527,4.981
11625,11.025,0.255,3.51,2.013,0.55,4.936
11626,10.169,0.259,2.932,1.992,0.535,4.75
11627,10.427,0.259,3.089,2.071,0.467,4.777
11628,10.329,0.263,3.075,2.063,0.51,4.707
11629,11.238,0.246,4.183,2.078,0.463,4.521
11630,10.174,0.269,3.191,2.06,0.382,4.445
11631,9.48,0.251,2.686,1.966,0.446,4.394
11632,10.902,0.256,4.032,1.994,0.443,4.44
11633,9.984,0.257,3.362,1.777,0.43,4.411
11634,9.315,0.21,2.932,1.786,0.437,4.237
11635,8.84,0.138,2.856,1.703,0.334,4.034
11636,8.862,0.121,2.766,1.901,0.313,3.954
11637,7.933,0.155,2.316,1.609,0.321,3.751
11638,7.117,0.156,1.799,1.5,0.338,3.562
11639,7.424,0.154,2.267,1.41,0.394,3.48
11640,6.649,0.157,1.795,1.205,0.396,3.377
11641,6.184,0.164,1.276,1.216,0.313,3.429
11642,6.469,0.192,1.474,1.228,0.374,3.461
11643,6.042,0.208,1.09,1.164,0.382,3.472
11644,6.002,0.201,1.103,1.124,0.403,3.463
11645,5.34,0.195,0.619,1.039,0.328,3.397
11646,4.858,0.211,0.544,0.824,0.402,3.189
11647,5.058,0.207,0.719,0.821,0.44,3.216
11648,4.94,0.206,0.715,0.605,0.44,3.319
13358,12.005,0.286,8.15,0.944,0.057,2.585
13359,11.356,0.257,7.781,0.911,0.052,2.369
13360,11.083,0.268,7.768,1.062,0.046,1.954
13361,11.442,0.274,7.694,1.148,0.049,2.292
13362,11.144,0.258,7.527,0.976,0.054,2.343
13366,12.211,0.307,8.203,1.275,0.053,2.386
13369,10.803,0.193,7.509,0.899,0.025,2.183
13379,9.287,0.223,5.859,0.66,0.079,2.485
13380,6.949,0.015,3.969,0.594,0.066,2.322
13381,7.842,0.0,4.861,0.668,0.087,2.248
13382,7.776,0.022,5.313,0.499,0.087,1.877
14417,11.219,0.151,3.526,3.783,45.088,3.487
14418,10.491,0.127,3.332,3.732,35.502,3.076
14419,9.381,0.107,2.923,3.515,29.082,2.641
14420,9.169,0.102,2.925,3.404,28.322,2.538
14421,9.061,0.086,2.803,3.523,24.694,2.459
14422,8.615,0.086,2.566,3.42,22.756,2.358
14423,8.576,0.087,2.453,3.549,20.92,2.307
14424,8.507,0.089,2.391,3.561,21.438,2.28
14425,8.486,0.096,2.513,3.556,22.289,2.13
14426,8.743,0.098,2.64,3.632,22.158,2.182
14427,8.659,0.105,2.554,3.618,21.984,2.157
14428,8.891,0.113,2.605,3.793,23.643,2.152
14429,8.987,0.125,2.576,3.857,24.891,2.178
14430,9.045,0.133,2.559,3.861,25.633,2.232
14431,9.366,0.145,2.765,3.889,26.992,2.304
14432,9.351,0.16,2.707,3.918,27.599,2.264
14433,9.378,0.145,2.753,3.927,27.083,2.304
14434,8.632,0.112,2.478,3.603,21.068,2.208
14435,9.06,0.124,2.527,3.923,23.817,2.215
14436,9.134,0.137,2.609,3.882,25.028,2.219
14437,9.191,0.137,2.76,3.779,25.522,2.225
14438,8.919,0.142,2.616,3.666,25.458,2.218
14439,8.588,0.14,2.377,3.534,25.581,2.294
14440,8.399,0.127,2.309,3.383,24.917,2.359
14441,8.335,0.119,2.152,3.475,23.292,2.362
14442,8.352,0.12,2.018,3.562,23.774,2.409
14443,8.501,0.119,2.057,3.723,25.244,2.328
14444,8.384,0.121,1.985,3.619,24.398,2.345
14445,7.949,0.122,1.854,3.502,23.506,2.175
14446,8.321,0.13,1.91,3.782,24.15,2.196
14447,7.887,0.132,1.668,3.541,23.955,2.241
14690,11.427,0.164,3.384,4.169,41.632,3.414
14691,10.593,0.134,3.269,4.046,32.49,2.907
14692,9.252,0.106,2.816,3.749,25.426,2.385
14693,9.026,0.1,2.875,3.579,24.337,2.275
14694,8.815,0.08,2.761,3.633,20.563,2.157
14695,8.367,0.079,2.545,3.487,19.328,2.071
14696,8.3,0.08,2.409,3.614,17.046,2.02
14697,8.249,0.083,2.399,3.576,17.697,2.001
14698,8.199,0.093,2.527,3.552,18.845,1.829
14699,8.489,0.097,2.65,3.651,18.87,1.892
14700,8.466,0.105,2.596,3.65,18.73,1.874
14701,8.719,0.117,2.614,3.867,19.417,1.876
14702,8.842,0.132,2.605,3.939,20.405,1.895
14703,8.943,0.142,2.586,3.978,21.145,1.954
14704,9.373,0.157,2.795,4.068,22.464,2.061
14705,9.407,0.176,2.771,4.103,23.09,2.019
14706,9.523,0.161,2.884,4.096,22.779,2.105
14707,8.816,0.126,2.651,3.757,17.72,2.025
14708,9.302,0.141,2.7,4.111,20.248,2.041
14709,9.596,0.156,2.813,4.213,21.31,2.084
14710,9.613,0.159,2.88,4.132,21.949,2.105
14711,9.328,0.164,2.726,3.999,21.927,2.12
14712,9.088,0.161,2.541,3.894,21.861,2.218
14713,8.932,0.143,2.56,3.692,21.711,2.287
14714,8.963,0.133,2.55,3.741,20.47,2.282
14715,9.051,0.135,2.417,3.874,20.794,2.342
14716,9.286,0.134,2.496,4.088,22.207,2.249
14717,9.213,0.136,2.444,3.969,21.206,2.293
14718,8.83,0.14,2.287,3.865,20.795,2.183
14719,9.229,0.149,2.355,4.187,21.369,2.175
14720,8.818,0.153,2.073,3.986,21.406,2.236
14920,9.063,0.21,3.686,1.415,43.356,3.598
14921,8.737,0.206,3.429,1.361,40.313,3.595
14922,8.552,0.192,3.275,1.379,40.269,3.56
14923,8.487,0.204,3.219,1.376,41.646,3.541
14924,8.582,0.212,3.174,1.476,43.357,3.568
14925,8.77,0.205,3.165,1.596,42.058,3.656
14926,8.602,0.209,3.045,1.563,43.036,3.632
14927,8.569,0.213,2.912,1.6,43.253,3.692
14928,8.429,0.216,2.768,1.649,43.039,3.646
14929,8.442,0.219,2.829,1.688,43.825,3.554
14930,8.559,0.213,2.814,1.742,43.615,3.642
14931,8.541,0.21,2.821,1.751,43.769,3.609
14932,8.711,0.213,2.89,1.834,44.114,3.622
14933,8.707,0.222,2.87,1.87,45.21,3.594
14934,8.633,0.222,2.776,1.915,44.616,3.569
14935,8.627,0.228,2.808,1.911,45.339,3.523
14937,8.284,0.22,2.631,1.932,43.997,3.35
14938,7.589,0.179,2.312,1.803,35.787,3.168
14939,7.801,0.175,2.429,1.943,38.317,3.119
14940,7.557,0.172,2.469,1.792,40.036,2.984
14941,7.381,0.162,2.459,1.751,37.876,2.875
14942,7.193,0.153,2.389,1.701,38.003,2.811
14943,6.877,0.16,2.3,1.513,38.191,2.768
14944,6.986,0.159,2.288,1.582,37.513,2.823
14945,6.99,0.158,2.173,1.671,37.625,2.854
14946,7.031,0.163,2.138,1.732,38.068,2.862
14947,6.856,0.166,2.024,1.697,38.784,2.832
14948,6.526,0.165,1.661,1.742,37.064,2.827
14949,5.906,0.158,1.373,1.696,34.763,2.558
14950,6.304,0.163,1.558,1.778,37.9,2.681
14951,6.174,0.16,1.59,1.534,37.953,2.765
15194,8.928,0.192,3.513,1.453,43.769,3.62
15195,8.732,0.181,3.314,1.5,43.282,3.589
15196,8.661,0.193,3.239,1.513,45.302,3.564
15211,7.633,0.164,2.252,1.954,39.135,3.134
15212,7.845,0.161,2.36,2.103,41.885,3.087
15213,7.54,0.158,2.391,1.901,43.755,2.951
15214,7.413,0.149,2.441,1.843,41.449,2.849
15215,7.223,0.142,2.367,1.797,41.534,2.781
15216,6.864,0.148,2.233,1.604,41.911,2.742
15217,6.921,0.147,2.174,1.67,40.719,2.797
15218,6.873,0.147,1.987,1.781,40.446,2.827
15219,6.879,0.15,1.938,1.825,41.047,2.834
15220,6.707,0.153,1.826,1.793,41.821,2.802
15221,6.387,0.152,1.492,1.826,40.256,2.788
15222,5.77,0.145,1.238,1.766,37.473,2.504
15223,6.155,0.15,1.401,1.856,40.68,2.627
15224,5.984,0.147,1.42,1.599,40.502,2.699
15710,11.414,0.146,4.438,1.033,1.131,5.547
15711,11.007,0.113,4.266,1.074,0.936,5.347
15712,10.762,0.094,4.101,1.106,0.775,5.286
15713,11.115,0.071,4.619,1.149,0.968,5.054
15714,12.132,0.071,5.423,1.237,1.007,5.189
15715,11.378,0.074,4.827,1.274,0.905,5.01
15716,12.495,0.074,5.807,1.325,1.01,5.079
15717,12.198,0.088,5.544,1.293,0.984,5.061
15718,11.517,0.087,4.602,1.473,0.96,5.156
15719,11.396,0.093,4.459,1.466,1.004,5.173
15720,11.014,0.098,4.247,1.491,0.926,4.988
15721,12.05,0.097,5.036,1.617,1.0,5.097
15722,12.506,0.093,5.443,1.604,1.046,5.154
15723,13.937,0.09,6.717,1.771,0.963,5.165
15724,13.186,0.101,6.052,1.696,0.936,5.147
15725,10.874,0.103,4.009,1.548,0.924,5.024
15726,12.983,0.109,5.997,1.65,1.017,5.023
15727,12.623,0.114,5.738,1.535,0.965,5.038
15728,11.033,0.117,4.455,1.573,0.933,4.694
15729,10.472,0.072,4.288,1.405,0.862,4.531
15730,11.948,0.098,5.433,1.542,0.919,4.685
15731,10.512,0.104,4.469,1.346,0.899,4.41
15732,9.447,0.092,3.619,1.194,0.825,4.372
15733,9.508,0.089,3.927,1.115,0.894,4.199
15734,8.719,0.086,3.538,0.987,0.808,3.944
15735,8.064,0.084,3.073,0.862,0.669,3.902
15736,8.598,0.101,3.395,0.766,0.787,4.174
15737,8.107,0.11,3.102,0.706,0.718,4.033
15738,8.291,0.109,3.249,0.8,0.661,3.997
15739,7.689,0.106,2.763,0.781,0.577,3.923
15740,6.824,0.103,2.147,0.789,0.579,3.667
15741,6.855,0.112,2.294,0.785,0.595,3.544
15742,6.527,0.112,2.303,0.433,0.597,3.558
15925,6.974,0.194,1.425,1.046,5.001,4.145
15926,7.375,0.183,1.517,1.177,4.888,4.333
15927,7.17,0.164,1.37,1.191,4.404,4.29
15928,6.808,0.151,1.105,1.19,4.473,4.21
15929,6.667,0.153,1.079,1.179,4.73,4.095
15930,6.73,0.15,1.095,1.195,4.898,4.128
15931,6.992,0.146,1.132,1.314,4.79,4.237
15932,6.838,0.14,1.058,1.297,5.001,4.179
15933,7.127,0.15,1.226,1.322,5.043,4.267
15934,7.067,0.144,1.136,1.381,4.906,4.252
15935,6.929,0.146,1.118,1.434,4.815,4.077
15936,6.965,0.147,0.949,1.496,4.633,4.223
15937,6.845,0.146,0.985,1.479,4.655,4.091
15938,6.906,0.143,0.99,1.532,4.634,4.098
15939,6.882,0.151,0.968,1.549,4.742,4.071
15940,6.877,0.151,1.025,1.567,4.499,3.996
15941,6.67,0.153,0.976,1.513,4.59,3.883
15942,6.46,0.155,1.0,1.452,4.55,3.706
15943,6.309,0.144,0.909,1.489,4.405,3.618
15944,5.974,0.124,0.726,1.458,3.865,3.531
15945,6.03,0.126,0.785,1.537,4.005,3.452
15946,5.641,0.128,0.67,1.395,4.226,3.318
15947,5.651,0.119,0.741,1.433,4.129,3.241
15948,5.66,0.115,0.781,1.437,4.289,3.212
15949,5.143,0.11,0.62,1.199,4.211,3.1
15950,5.194,0.104,0.595,1.273,4.0,3.115
15951,5.22,0.104,0.56,1.389,3.782,3.063
15952,5.252,0.101,0.621,1.388,3.721,3.041
15953,5.011,0.104,0.545,1.316,4.006,2.938
15954,4.898,0.106,0.456,1.338,3.89,2.9
15955,4.366,0.096,0.37,1.242,3.719,2.568
15956,4.754,0.101,0.471,1.321,4.067,2.771
15957,4.604,0.1,0.433,1.206,4.094,2.775
17193,13.289,0.193,7.17,1.541,10.936,4.199
17194,12.742,0.172,6.316,1.631,10.069,4.452
17195,12.087,0.18,5.664,1.613,9.889,4.463
17196,11.907,0.18,5.346,1.691,9.88,4.525
17197,11.661,0.19,5.17,1.757,10.521,4.374
17198,11.586,0.192,5.005,1.886,10.595,4.335
17199,11.804,0.182,4.928,2.09,10.041,4.441
17200,11.438,0.188,4.751,2.0,10.184,4.335
17201,11.327,0.191,4.63,2.029,10.015,4.316
17202,10.979,0.193,4.415,2.031,10.033,4.179
17203,11.023,0.187,4.579,2.041,10.075,4.056
17204,11.228,0.166,4.619,2.132,9.592,4.157
17205,11.036,0.157,4.614,2.132,9.238,3.983
17206,11.062,0.166,4.666,2.15,9.253,3.93
17207,10.898,0.173,4.626,2.133,9.133,3.817
17208,10.657,0.161,4.473,2.135,8.812,3.743
17209,10.81,0.164,4.553,2.197,8.984,3.747
17210,10.473,0.178,4.673,2.149,9.188,3.323
17211,10.501,0.167,4.386,2.214,9.078,3.586
17212,9.701,0.155,3.912,2.06,7.699,3.448
17213,10.22,0.153,4.222,2.262,8.327,3.448
17214,9.919,0.164,4.233,2.068,8.615,3.314
17215,9.968,0.163,4.29,2.061,8.323,3.32
17216,10.208,0.153,4.369,2.088,8.635,3.459
17217,9.709,0.158,4.213,1.86,8.885,3.339
17218,9.724,0.154,4.155,1.919,8.757,3.361
17219,9.738,0.154,4.001,2.058,8.698,3.39
17220,9.513,0.162,3.761,2.075,8.676,3.382
17221,9.105,0.16,3.567,2.046,8.829,3.203
17222,8.509,0.16,2.888,2.075,8.516,3.26
17223,7.767,0.16,2.383,2.053,8.039,3.053
17224,8.138,0.164,2.785,2.155,8.447,2.911
17225,7.984,0.154,2.907,1.822,8.472,2.977
17559,8.823,0.381,3.739,0.649,0.712,3.988
17560,8.588,0.221,3.824,0.801,0.678,3.68
17561,8.336,0.283,3.945,0.738,0.639,3.311
17562,7.487,0.333,3.417,0.672,0.531,3.015
17563,7.239,0.352,3.243,0.512,0.537,3.083
17564,6.933,0.321,2.771,0.558,0.489,3.237
17565,6.638,0.351,2.195,0.736,0.499,3.309
17566,7.0,0.345,2.433,0.892,0.562,3.277
17567,6.751,0.322,2.337,0.853,0.588,3.182
17568,6.219,0.318,1.691,0.946,0.571,3.21
17569,5.291,0.283,0.964,1.05,0.393,2.956
17570,5.51,0.303,0.886,1.183,0.454,3.094
17571,5.745,0.336,0.891,0.966,0.454,3.509
19137,4.579,0.0,4.41,0.032,1.834,0.134
19138,4.85,0.0,4.662,0.036,1.98,0.147
19139,4.983,0.0,4.799,0.039,2.127,0.14
19140,5.581,0.0,5.359,0.041,2.054,0.178
19141,5.271,0.0,5.036,0.04,1.834,0.191
19142,5.434,0.0,5.186,0.047,2.347,0.195
19143,5.662,0.0,5.395,0.05,2.347,0.213
19144,5.691,0.0,5.415,0.051,2.274,0.221
19145,5.945,0.0,5.659,0.056,2.347,0.225
19146,6.388,0.0,6.062,0.058,2.421,0.263
19147,5.753,0.0,5.418,0.059,2.274,0.272
19148,5.651,0.0,5.306,0.062,2.421,0.278
19149,6.073,0.0,5.696,0.074,2.714,0.298
19150,6.333,0.0,5.919,0.078,2.494,0.331
19151,6.298,0.0,5.863,0.07,2.127,0.362
19152,5.346,0.0,4.883,0.072,2.201,0.387
19153,6.166,0.0,5.618,0.078,2.347,0.465
19154,5.276,0.0,4.715,0.065,1.687,0.493
19155,5.496,0.0,4.853,0.074,2.421,0.564
19156,6.22,0.0,5.459,0.095,2.714,0.66
19157,6.145,0.0,5.383,0.107,2.714,0.649
19158,6.17,0.026,5.332,0.111,3.081,0.696
19159,5.968,0.026,5.121,0.121,3.007,0.695
19160,6.468,0.027,5.525,0.132,2.934,0.779
19161,6.351,0.059,5.349,0.141,2.934,0.797
19162,6.765,0.059,5.658,0.172,2.861,0.871
19163,6.077,0.056,5.055,0.174,2.274,0.788
19164,5.289,0.047,4.351,0.151,1.834,0.737
19165,4.63,0.036,3.767,0.14,1.32,0.685
19166,4.816,0.035,3.885,0.14,1.54,0.754
19167,5.134,0.041,4.162,0.157,1.614,0.772
19168,5.288,0.045,4.243,0.168,1.98,0.829
19169,5.758,0.053,4.608,0.188,2.494,0.905
19170,6.122,0.056,4.844,0.207,2.714,1.011
19171,5.618,0.053,4.404,0.197,2.201,0.961
19172,5.913,0.047,4.664,0.209,2.861,0.988
19173,6.348,0.041,5.037,0.222,3.227,1.043
19174,6.551,0.056,5.202,0.232,4.034,1.055
19175,6.776,0.052,5.46,0.251,4.034,1.007
19176,6.854,0.046,5.448,0.276,4.328,1.078
19177,6.742,0.027,5.204,0.295,4.328,1.209
19178,5.423,0.027,3.828,0.312,3.961,1.25
19179,5.826,0.046,4.133,0.319,3.961,1.322
19180,6.468,0.054,4.573,0.349,4.548,1.486
19181,6.748,0.064,4.675,0.392,4.841,1.61
19182,6.257,0.07,4.219,0.417,4.181,1.544
19183,6.86,0.078,4.526,0.489,4.988,1.697
19184,7.241,0.086,4.664,0.569,5.501,1.852
19185,7.126,0.09,4.439,0.604,5.355,1.92
19186,7.209,0.098,4.386,0.633,6.455,2.021
19187,7.125,0.102,4.199,0.659,5.721,2.103
19188,7.6,0.111,4.429,0.705,6.968,2.285
19189,7.919,0.117,4.558,0.739,7.042,2.426
19190,7.885,0.119,4.466,0.787,6.822,2.439
19191,7.622,0.121,4.095,0.826,6.161,2.519
19192,7.69,0.132,4.006,0.859,8.289,2.636
19193,8.013,0.138,4.118,0.915,8.582,2.786
19194,8.112,0.145,4.082,0.922,8.802,2.908
19195,8.407,0.153,4.128,0.976,9.169,3.1
19196,8.75,0.158,4.242,1.019,9.682,3.277
19197,9.078,0.173,4.268,1.084,10.709,3.48
19198,9.277,0.174,4.192,1.117,11.149,3.72
19199,9.539,0.183,4.127,1.198,12.029,3.954
19200,9.784,0.188,4.054,1.259,11.956,4.178
19201,10.198,0.198,4.031,1.363,12.396,4.498
19202,10.751,0.206,4.084,1.487,13.423,4.836
19203,11.438,0.214,3.964,1.581,13.13,5.531
19204,11.55,0.219,3.755,1.676,13.056,5.735
19205,11.932,0.228,3.635,1.762,13.496,6.123
19206,12.415,0.24,3.737,1.872,14.083,6.355
19207,12.039,0.233,3.678,1.876,14.377,6.054
19208,11.635,0.217,3.61,1.803,12.763,5.837
19209,12.256,0.225,3.762,1.87,13.496,6.207
19210,12.351,0.232,3.751,1.859,13.276,6.327
19211,12.452,0.243,3.712,1.896,13.57,6.421
19212,12.714,0.244,3.93,1.98,13.936,6.396
19213,12.341,0.239,4.009,1.986,12.616,5.952
19214,11.83,0.229,4.027,1.964,12.543,5.5
19215,11.314,0.219,3.95,1.83,9.389,5.22
19216,11.15,0.22,3.99,1.773,9.902,5.083
19217,11.456,0.214,4.142,1.9,10.562,5.134
19218,11.47,0.205,4.293,1.898,10.416,5.015
19219,11.425,0.207,4.217,1.821,9.609,5.132
19220,11.564,0.208,4.291,1.899,10.489,5.118
19221,11.85,0.217,4.358,1.947,11.369,5.282
19222,11.996,0.22,4.342,2.079,11.443,5.309
19759,7.072,0.169,2.546,1.972,1.353,2.207
19760,6.718,0.106,2.418,1.969,0.992,2.086
19761,6.012,0.083,1.991,1.713,0.86,2.1
19762,6.137,0.099,1.985,1.854,0.84,2.08
19763,5.984,0.114,1.806,1.88,0.866,2.053
19764,5.965,0.115,1.781,2.038,0.882,1.921
19765,6.127,0.108,1.831,2.289,0.792,1.798
19766,5.999,0.114,1.781,2.183,0.8,1.823
19767,5.975,0.119,1.675,2.197,0.812,1.888
19768,6.042,0.12,1.717,2.231,0.797,1.88
19769,5.735,0.133,1.615,2.184,0.682,1.718
19770,5.906,0.133,1.562,2.428,0.682,1.701
19771,5.822,0.14,1.54,2.449,0.671,1.613
19772,6.114,0.14,1.597,2.694,0.753,1.594
19773,5.969,0.128,1.533,2.661,0.828,1.553
19774,5.996,0.119,1.35,2.787,0.939,1.636
19775,5.937,0.129,1.354,2.636,0.927,1.715
19776,5.839,0.132,1.352,2.5,0.912,1.754
19777,5.719,0.126,1.303,2.456,0.888,1.728
19778,5.15,0.097,1.118,2.135,0.594,1.723
19779,5.216,0.074,1.169,2.29,0.583,1.606
19780,5.049,0.057,1.201,2.198,0.582,1.516
19781,4.719,0.068,1.155,1.973,0.557,1.452
19782,4.413,0.052,1.027,1.858,0.547,1.405
19783,4.438,0.057,1.032,1.735,0.539,1.546
19784,4.746,0.069,1.068,1.852,0.568,1.686
19785,4.807,0.072,0.995,1.973,0.564,1.695
19786,5.065,0.08,1.026,2.093,0.583,1.792
19787,5.067,0.09,0.966,2.03,0.582,1.906
19788,5.046,0.105,0.838,2.044,0.544,1.989
19789,4.855,0.095,0.763,2.142,0.487,1.787
19790,5.002,0.103,0.615,2.284,0.442,1.94
19791,4.45,0.1,0.499,1.902,0.442,1.89
19932,8.716,0.202,1.106,0.0,0.001,7.162
19933,8.154,0.186,0.95,0.0,0.001,6.743
19934,8.612,0.173,0.93,0.0,0.001,7.247
19935,9.096,0.148,1.129,0.0,0.001,7.492
19936,8.826,0.137,1.1,0.0,0.001,7.321
19937,9.225,0.138,1.106,0.001,0.003,7.661
19938,9.377,0.152,1.045,0.001,0.004,7.863
19939,9.653,0.168,1.179,0.001,0.004,8.044
19940,9.62,0.194,1.037,0.0,0.004,8.07
19942,10.421,0.229,1.655,0.001,0.004,7.979
19943,10.045,0.202,1.76,0.001,0.004,7.565
19944,10.398,0.133,1.782,0.001,0.004,7.958
19945,10.303,0.111,1.761,0.001,0.006,7.941
19947,10.027,0.182,1.631,0.0,0.007,7.792
19948,10.378,0.201,1.694,0.0,0.007,8.043
19956,10.52,0.0,1.908,0.0,0.005,8.037
19958,10.413,0.0,1.966,0.001,0.005,7.986
19959,10.512,0.0,2.017,0.002,0.005,8.051
19960,10.395,0.0,2.026,0.002,0.006,7.907
19961,9.864,0.0,1.896,0.009,0.008,7.485
19962,9.108,0.0,1.821,0.005,0.008,6.784
19963,9.478,0.0,1.962,0.004,0.009,7.014
21115,9.452,0.254,4.206,1.266,0.588,3.558
21116,9.608,0.223,4.099,1.297,0.526,3.838
21117,9.493,0.213,3.901,1.28,0.436,3.975
21118,9.509,0.206,3.722,1.472,0.579,3.946
21119,9.788,0.241,3.528,1.447,0.492,4.433
21120,10.016,0.246,3.539,1.544,0.7,4.492
21121,10.389,0.273,3.625,1.713,0.699,4.584
21122,10.66,0.315,3.354,1.811,0.663,4.998
21123,11.066,0.288,3.233,1.827,0.535,5.573
21124,11.409,0.313,2.766,1.933,0.571,6.233
21134,9.374,0.295,1.912,2.307,0.466,4.756
21135,9.237,0.244,1.862,2.512,0.622,4.481
21136,8.374,0.213,1.829,2.167,0.562,4.042
21137,8.375,0.258,2.108,2.086,0.444,3.825
21138,8.124,0.242,1.904,1.976,0.706,3.848
21139,7.973,0.316,1.871,1.903,0.58,3.758
21140,8.298,0.354,2.004,1.905,0.579,3.911
21141,8.561,0.38,1.952,2.102,0.608,3.997
21142,8.189,0.386,1.649,2.127,0.533,3.914
21143,8.07,0.396,1.314,2.192,0.64,4.034
21144,7.624,0.387,0.928,2.213,0.509,3.992
21145,7.101,0.358,0.76,2.214,0.537,3.661
21461,7.733,0.279,1.226,1.568,4.92,4.502
21462,7.719,0.276,1.161,1.668,5.048,4.454
21463,7.72,0.289,1.022,1.662,5.11,4.588
21464,7.582,0.247,0.916,1.703,5.072,4.553
21465,7.479,0.242,0.963,1.631,4.858,4.485
21466,7.901,0.269,1.027,1.809,4.985,4.637
21467,7.797,0.246,0.941,1.866,4.637,4.595
21468,7.895,0.25,0.951,1.931,4.67,4.61
21469,8.108,0.255,0.964,2.082,4.612,4.657
21470,8.19,0.268,0.947,2.266,4.67,4.572
21471,8.26,0.278,0.984,2.367,4.932,4.487
21472,8.256,0.288,1.036,2.371,5.186,4.418
21473,8.37,0.285,1.051,2.379,5.316,4.512
21474,8.637,0.295,1.134,2.595,5.542,4.458
21475,8.67,0.301,1.248,2.673,5.833,4.301
21476,8.631,0.299,1.224,2.846,5.958,4.115
21477,8.505,0.299,1.211,2.783,5.939,4.066
21478,8.347,0.305,1.202,2.782,5.922,3.915
21479,8.089,0.272,1.151,2.822,5.424,3.709
21480,7.135,0.224,0.88,2.586,3.958,3.341
21481,7.297,0.222,0.973,2.747,4.111,3.246
21482,7.076,0.21,1.09,2.549,4.183,3.114
21483,6.716,0.167,1.112,2.454,3.745,2.878
21484,6.139,0.147,0.958,2.283,3.435,2.649
21485,5.804,0.138,0.926,2.016,3.379,2.627
21486,6.009,0.136,0.881,2.204,3.128,2.693
21487,5.968,0.128,0.803,2.342,3.044,2.608
21488,5.89,0.129,0.697,2.479,3.198,2.493
21489,5.842,0.13,0.655,2.399,3.273,2.566
21490,5.699,0.132,0.51,2.457,3.127,2.501
21491,5.097,0.119,0.372,2.367,2.834,2.157
21492,5.693,0.134,0.413,2.568,3.275,2.492
21493,5.727,0.134,0.559,2.319,3.275,2.628
21807,9.356,0.313,2.577,0.945,11.266,5.428
21808,9.421,0.325,2.568,1.008,10.923,5.431
21809,9.471,0.335,2.515,1.016,10.026,5.523
21810,9.39,0.33,2.551,1.037,9.762,5.392
21811,9.804,0.338,2.607,1.084,9.52,5.697
21812,9.878,0.336,2.679,1.121,9.518,5.661
21813,9.955,0.339,2.743,1.165,9.418,5.629
21814,9.873,0.317,2.781,1.199,9.442,5.497
21815,9.535,0.28,2.597,1.224,8.984,5.359
21816,9.806,0.277,2.735,1.295,9.098,5.424
21817,9.966,0.277,2.941,1.33,9.39,5.34
21818,9.831,0.271,3.006,1.321,9.006,5.158
21819,10.045,0.255,3.135,1.349,8.655,5.235
21820,10.096,0.25,3.235,1.389,8.85,5.148
21821,10.047,0.245,3.293,1.379,9.212,5.054
21822,10.095,0.253,3.371,1.367,9.57,5.026
21823,9.907,0.25,3.346,1.496,9.831,4.734
21824,10.178,0.24,3.48,1.623,10.322,4.75
21825,9.619,0.223,3.331,1.587,9.611,4.398
21826,9.078,0.198,3.214,1.569,8.127,4.03
21827,9.482,0.19,3.485,1.655,9.125,4.077
21828,9.879,0.195,3.366,1.927,8.771,4.318
21829,10.214,0.2,3.523,2.001,8.868,4.416
21830,10.301,0.21,3.772,2.0,9.109,4.244
21831,9.916,0.208,3.713,2.019,9.1,3.901
21832,9.612,0.204,3.664,1.927,8.473,3.748
21833,9.469,0.204,3.598,1.973,8.324,3.624
21834,9.37,0.209,3.623,1.932,8.441,3.537
21835,9.043,0.207,3.502,1.846,8.297,3.417
21836,8.781,0.201,3.438,1.774,7.729,3.303
21837,8.302,0.196,3.188,1.771,7.042,3.089
21838,8.523,0.196,3.435,1.694,7.646,3.135
21839,8.502,0.187,3.447,1.652,7.646,3.151
22161,10.446,0.01,7.103,1.334,1.026,1.635
22162,10.24,0.006,7.057,1.084,1.13,1.727
22163,9.57,0.001,6.468,0.983,1.069,1.731
22164,9.255,0.003,6.019,0.948,1.07,1.866
22165,9.324,0.001,5.976,0.926,1.618,1.911
22166,7.817,0.0,5.414,0.642,1.856,1.246
22167,9.41,0.0,6.293,0.954,1.687,1.587
22168,9.081,0.01,6.157,0.731,2.229,1.518
22169,10.27,0.002,6.254,0.933,3.031,2.292
22170,11.407,0.0,6.949,1.049,3.622,2.529
22171,12.006,0.022,7.31,1.124,3.042,2.631
22172,12.777,0.023,7.294,1.196,4.104,3.27
22173,13.94,0.03,7.58,1.778,4.867,3.474
22174,14.166,0.037,8.151,1.509,4.257,3.429
22175,14.005,0.061,7.762,1.88,4.422,3.216
22176,13.69,0.057,8.339,1.856,3.574,2.377
22188,13.291,0.2,7.734,1.928,4.786,2.58
22189,13.98,0.198,7.872,1.908,4.786,3.162
23547,7.311,0.129,1.045,2.043,0.549,3.891
23548,6.689,0.119,0.916,2.036,0.397,3.469
23549,5.331,0.053,0.812,1.493,0.117,2.928
23550,4.518,0.006,0.756,0.983,0.047,2.755
23551,3.979,0.029,0.583,0.719,0.032,2.635
23552,3.554,0.037,0.432,0.894,0.033,2.178
23553,3.635,0.042,0.41,0.78,0.034,2.39
23554,3.474,0.043,0.377,0.967,0.032,2.074
23555,3.374,0.043,0.286,0.963,0.037,2.068
23556,3.181,0.057,0.222,0.933,0.037,1.954
23557,2.96,0.037,0.238,1.047,0.039,1.622
23558,3.178,0.047,0.223,1.232,0.036,1.662
23559,3.233,0.05,0.187,1.281,0.053,1.692
23560,3.368,0.056,0.169,1.348,0.059,1.769
23561,3.416,0.06,0.142,1.357,0.039,1.839
23562,3.498,0.06,0.162,1.411,0.033,1.85
23563,3.771,0.077,0.173,1.48,0.025,2.03
23564,3.97,0.079,0.208,1.446,0.033,2.221
23565,3.813,0.078,0.205,1.435,0.034,2.08
23566,3.507,0.084,0.17,1.33,0.017,1.915
23567,4.071,0.205,0.217,1.615,0.024,2.023
23568,3.761,0.268,0.213,1.433,0.02,1.838
23569,3.662,0.28,0.195,1.36,0.022,1.817
23570,3.628,0.266,0.148,1.343,0.027,1.857
23571,3.567,0.278,0.121,1.217,0.032,1.935
23572,3.646,0.236,0.095,1.258,0.029,2.042
23573,3.654,0.175,0.084,1.321,0.032,2.057
23574,3.691,0.224,0.086,1.176,0.035,2.188
23575,4.062,0.285,0.102,1.397,0.045,2.256
23576,3.992,0.293,0.087,1.33,0.054,2.254
23577,3.69,0.29,0.052,1.109,0.072,2.201
23578,3.864,0.287,0.041,1.191,0.083,2.3
23579,3.562,0.291,0.041,0.855,0.083,2.329
24761,6.911,0.0,0.003,0.889,0.0,6.019
24762,7.068,0.0,0.003,1.063,0.0,6.002
24763,6.99,0.0,0.004,1.174,0.0,5.812
24764,7.159,0.0,0.003,1.249,0.0,5.906
24765,6.601,0.0,0.002,1.251,0.0,5.347
24766,6.606,0.0,0.002,1.348,0.0,5.256
24767,6.567,0.0,0.002,1.519,0.0,5.046
24768,6.868,0.0,0.002,1.453,0.0,5.413
24769,7.117,0.0,0.002,1.581,0.0,5.534
24770,6.942,0.0,0.001,1.679,0.0,5.262
24771,6.561,0.0,0.002,1.631,0.0,4.927
24772,6.427,0.0,0.001,1.786,0.0,4.639
24773,6.525,0.0,0.001,1.813,0.0,4.711
24774,6.741,0.0,0.001,1.922,0.0,4.818
24775,6.683,0.0,0.001,2.013,0.0,4.669
24776,6.613,0.0,0.001,2.082,0.0,4.53
24777,6.62,0.0,0.0,2.103,0.0,4.516
24778,5.708,0.0,0.0,2.008,0.0,3.699
24779,6.197,0.0,0.0,2.056,0.0,4.141
24780,5.753,0.0,0.0,1.611,0.0,4.142
24781,5.309,0.0,0.0,1.685,0.0,3.624
24782,4.882,0.0,0.0,1.479,0.0,3.402
24783,5.074,0.0,0.0,1.492,0.0,3.582
24784,5.227,0.0,0.0,1.569,0.0,3.658
24785,4.344,0.0,0.0,1.295,0.0,3.05
24786,4.275,0.0,0.0,1.373,0.0,2.902
24787,3.982,0.0,0.0,1.355,0.0,2.627
24788,4.108,0.0,0.0,1.411,0.0,2.698
24789,3.742,0.0,0.0,1.3,0.0,2.442
24790,3.871,0.0,0.0,1.306,0.0,2.564
24791,3.66,0.0,0.0,1.25,0.0,2.41
24792,3.735,0.0,0.0,1.384,0.0,2.351
24793,3.81,0.0,0.0,1.374,0.0,2.436
24939,9.97,0.409,0.937,2.879,0.481,5.611
24940,5.577,0.199,0.438,1.658,0.342,3.184
24941,4.308,0.096,0.387,0.901,0.137,2.875
24942,4.182,0.101,0.324,1.055,0.103,2.663
24943,4.018,0.082,0.261,1.219,0.119,2.409
24944,4.229,0.085,0.241,1.324,0.099,2.529
24945,4.104,0.099,0.2,1.231,0.087,2.521
24946,4.364,0.112,0.176,1.092,0.108,2.921
24947,3.701,0.095,0.151,1.11,0.082,2.299
24948,3.29,0.081,0.105,1.259,0.071,1.794
24949,3.537,0.08,0.096,1.304,0.08,2.0
24950,3.603,0.083,0.156,1.348,0.071,1.963
24951,3.649,0.084,0.206,1.478,0.077,1.831
24952,3.873,0.103,0.201,1.513,0.081,1.997
24953,4.109,0.114,0.226,1.582,0.067,2.134
24954,4.272,0.155,0.31,1.6,0.088,2.148
24955,4.729,0.16,0.313,1.909,0.081,2.296
24956,4.627,0.141,0.269,1.734,0.077,2.416
24957,4.034,0.089,0.217,1.49,0.028,2.157
24958,4.397,0.092,0.269,1.769,0.045,2.171
24959,4.504,0.103,0.314,1.89,0.07,2.095
24960,4.588,0.129,0.31,1.852,0.074,2.197
24961,4.344,0.152,0.36,1.565,0.072,2.155
24962,4.292,0.134,0.308,1.474,0.089,2.263
24963,4.405,0.175,0.248,1.491,0.077,2.395
24964,4.473,0.154,0.255,1.348,0.074,2.605
24965,4.574,0.155,0.276,1.387,0.054,2.661
24966,4.671,0.178,0.299,1.297,0.04,2.796
24967,4.801,0.203,0.281,1.361,0.037,2.861
24968,4.8,0.197,0.22,1.466,0.061,2.831
24969,4.963,0.227,0.265,1.421,0.079,2.942
24970,4.606,0.23,0.269,1.018,0.079,2.981
25484,1.117,0.037,0.354,0.243,8.299,0.449
25485,1.096,0.039,0.343,0.249,6.391,0.432
25486,1.097,0.039,0.354,0.243,6.301,0.429
25487,1.073,0.039,0.354,0.236,5.257,0.415
25488,1.068,0.039,0.339,0.231,4.521,0.403
25489,1.074,0.04,0.331,0.24,3.988,0.406
25490,1.102,0.041,0.331,0.249,2.485,0.417
25491,1.111,0.044,0.341,0.245,2.396,0.423
25492,1.112,0.044,0.321,0.254,2.276,0.441
25493,1.158,0.046,0.335,0.262,2.29,0.466
25494,1.15,0.049,0.343,0.243,2.451,0.464
25495,1.168,0.05,0.351,0.253,2.966,0.466
25496,1.164,0.052,0.356,0.263,3.026,0.452
25497,1.2,0.053,0.369,0.281,3.257,0.451
25498,1.233,0.057,0.382,0.287,3.588,0.465
25499,1.267,0.06,0.403,0.302,3.746,0.461
25500,1.311,0.063,0.43,0.318,3.802,0.46
25501,1.359,0.067,0.464,0.324,4.004,0.469
25502,1.383,0.071,0.474,0.326,3.661,0.479
25503,1.409,0.075,0.487,0.323,3.075,0.491
25504,1.462,0.079,0.505,0.339,3.162,0.506
25505,1.525,0.083,0.537,0.356,3.938,0.517
25506,1.575,0.088,0.579,0.349,3.877,0.529
25507,1.576,0.091,0.592,0.329,3.551,0.533
25508,1.626,0.094,0.63,0.333,2.947,0.538
25509,1.658,0.095,0.645,0.347,2.759,0.542
25510,1.707,0.099,0.665,0.359,2.942,0.554
25511,1.751,0.1,0.687,0.365,2.671,0.569
25512,1.81,0.108,0.745,0.367,2.841,0.562
25513,1.853,0.111,0.773,0.372,2.714,0.57
25514,1.73,0.104,0.729,0.361,2.78,0.511
25515,1.823,0.116,0.786,0.367,2.877,0.529
25516,1.858,0.117,0.816,0.344,2.877,0.555
26968,6.643,0.0,1.942,0.0,0.001,4.697
26969,6.162,0.0,1.559,0.0,0.002,4.599
26970,6.167,0.0,1.304,0.0,0.001,4.86
26971,7.69,0.0,1.891,0.0,0.001,5.795
26972,7.022,0.0,1.275,0.0,0.002,5.743
26973,6.422,0.0,0.322,0.0,0.002,6.095
26974,6.577,0.0,0.0,0.0,0.001,6.573
26975,6.574,0.0,0.0,0.0,0.002,6.57
26976,6.433,0.0,0.0,0.0,0.001,6.43
26977,6.497,0.0,0.0,0.0,0.0,6.496
26978,6.183,0.0,0.0,0.0,0.0,6.182
26979,6.805,0.0,0.0,0.0,0.0,6.804
26980,6.788,0.0,0.0,0.0,0.0,6.787
26981,7.276,0.0,0.0,0.0,0.0,7.276
26982,6.969,0.0,0.0,0.0,0.0,6.969
26983,6.476,0.0,0.0,0.0,0.0,6.476
26984,6.487,0.0,0.0,0.0,0.0,6.486
26985,6.628,0.0,0.0,0.0,0.0,6.628
26986,6.508,0.0,0.0,0.0,0.0,6.508
26987,6.08,0.0,0.0,0.0,0.0,6.08
26988,6.216,0.0,0.0,0.0,0.0,6.215
26989,6.1,0.0,0.0,0.0,0.0,6.1
26990,6.32,0.0,0.0,0.0,0.001,6.318
26991,5.438,0.0,0.0,0.0,0.003,5.432
26992,5.296,0.0,0.0,0.0,0.002,5.29
26993,3.647,0.0,0.0,0.0,0.002,3.643
26994,2.9,0.0,0.0,0.0,0.001,2.897
26995,3.193,0.0,0.0,1.152,0.0,2.04
26996,3.146,0.0,0.0,1.385,0.0,1.761
26997,3.274,0.0,0.0,1.406,0.0,1.867
26998,3.099,0.0,0.0,1.429,0.0,1.67
26999,3.05,0.0,0.0,1.402,0.0,1.648
27000,3.104,0.0,0.0,1.404,0.0,1.699
30206,10.539,0.025,2.015,4.726,1.146,3.629
30210,10.126,0.021,1.774,4.774,1.194,3.428
30211,9.859,0.018,1.899,4.535,1.226,3.282
30212,9.775,0.016,1.923,4.562,1.204,3.134
30213,9.288,0.017,2.111,3.953,1.274,3.068
30214,9.612,0.015,2.545,3.893,1.273,3.024
30215,9.617,0.014,2.341,4.039,1.303,3.083
30216,9.426,0.017,2.094,4.116,1.383,3.054
30217,9.148,0.013,1.882,4.054,1.307,3.061
30218,8.783,0.0,1.458,4.188,1.183,3.008
30219,7.84,0.0,0.967,4.04,1.101,2.716
30220,7.994,0.0,1.286,3.852,1.157,2.726
30221,7.137,0.0,1.28,2.871,1.155,2.857
30534,7.507,0.132,1.37,2.101,0.411,3.647
30535,7.52,0.126,1.294,2.284,0.456,3.527
30536,7.973,0.135,1.393,2.383,0.516,3.763
30537,7.768,0.137,1.368,2.285,0.531,3.685
30538,7.705,0.137,1.278,2.102,0.539,3.89
30539,7.622,0.147,1.26,1.909,0.583,4.011
30540,7.86,0.137,1.23,2.174,0.537,3.996
30541,8.284,0.141,1.307,2.456,0.604,4.031
30542,7.837,0.128,1.186,2.099,0.644,4.069
30543,8.208,0.139,1.205,2.392,0.719,4.124
30544,8.364,0.138,1.144,2.461,0.751,4.273
30545,8.839,0.137,1.391,2.685,0.787,4.265
30546,8.748,0.14,1.373,2.497,0.801,4.387
30547,9.015,0.133,1.925,2.12,0.732,4.503
30548,8.78,0.119,1.963,1.778,0.733,4.529
30549,9.055,0.14,2.158,1.831,0.789,4.516
30550,8.931,0.13,2.104,1.807,0.684,4.496
30551,8.625,0.163,1.593,1.957,0.716,4.501
30552,8.804,0.15,1.945,1.833,0.673,4.427
30553,8.046,0.136,1.468,1.733,0.76,4.214
30554,8.009,0.128,1.256,1.929,0.697,4.19
30555,7.821,0.121,1.263,1.741,0.71,4.201
30556,8.15,0.129,1.554,1.892,0.748,4.116
30557,7.918,0.132,1.351,1.881,0.635,4.166
30558,7.85,0.137,1.206,1.905,0.701,4.176
30559,7.801,0.135,1.191,1.809,0.699,4.22
30560,7.316,0.104,0.957,1.691,0.666,4.175
30561,7.519,0.094,0.984,1.795,0.607,4.29
30562,7.379,0.086,1.085,1.632,0.613,4.244
30563,7.437,0.083,1.158,1.662,0.659,4.217
30564,6.765,0.075,1.094,1.55,0.57,3.779
30565,6.69,0.072,1.204,1.305,0.517,3.871
30566,6.212,0.071,0.851,1.225,0.517,3.829
31586,8.304,0.0,7.723,0.137,1.834,0.427
31604,11.003,0.0,8.145,0.268,2.421,2.574
31612,11.468,0.094,8.114,0.608,2.274,2.638
31613,9.617,0.071,6.59,0.523,1.834,2.423
31614,8.115,0.042,5.372,0.479,1.32,2.214
31615,8.586,0.034,5.645,0.478,1.54,2.42
31616,9.101,0.042,6.082,0.535,1.614,2.432
31617,9.354,0.041,6.123,0.577,1.98,2.601
31618,10.597,0.061,7.036,0.646,2.494,2.839
31619,11.021,0.063,7.006,0.716,2.714,3.22
31620,9.302,0.056,5.541,0.68,2.201,3.013
31621,10.118,0.064,6.183,0.722,2.861,3.132
31622,11.202,0.069,6.96,0.769,3.227,3.387
31623,12.029,0.085,7.602,0.8,4.034,3.519
31625,12.924,0.069,8.377,0.933,4.328,3.522
31627,12.921,0.053,7.786,1.034,3.961,4.028
31628,12.242,0.081,7.063,1.046,3.961,4.033
31629,13.21,0.09,7.697,1.134,4.548,4.266
31630,13.532,0.098,7.533,1.251,4.841,4.626
31631,11.205,0.099,5.555,1.293,4.181,4.238
31632,12.814,0.105,6.332,1.518,4.988,4.622
31633,13.02,0.112,6.009,1.755,5.501,4.906
31634,12.454,0.112,5.25,1.844,5.355,5.001
31635,12.499,0.117,5.084,1.903,6.455,5.151
31636,11.757,0.118,4.31,1.96,5.721,5.16
31637,12.567,0.128,4.666,2.076,6.968,5.462
31638,12.965,0.135,4.772,2.15,7.042,5.654
31639,12.617,0.129,4.442,2.258,6.822,5.542
31640,12.029,0.13,3.776,2.348,6.161,5.57
31641,12.138,0.137,3.772,2.405,8.289,5.626
31642,12.184,0.128,3.711,2.519,8.582,5.631
31643,11.928,0.127,3.511,2.506,8.802,5.604
31644,12.158,0.131,3.57,2.63,9.169,5.676
31645,12.409,0.135,3.742,2.718,9.682,5.666
31646,12.814,0.141,3.913,2.862,10.709,5.752
31647,13.111,0.14,3.996,2.916,11.149,5.926
31648,13.528,0.144,4.069,3.092,12.029,6.074
31649,13.89,0.138,4.126,3.195,11.956,6.268
31650,14.213,0.145,3.997,3.363,12.396,6.541
31651,14.68,0.145,3.991,3.584,13.423,6.789
31652,15.584,0.141,3.955,3.673,13.13,7.636
31653,15.48,0.142,3.688,3.741,13.056,7.768
31656,15.785,0.15,3.786,3.746,14.377,7.982
31657,15.188,0.13,3.755,3.428,12.763,7.766
31662,15.427,0.136,4.243,3.352,12.616,7.596
31663,14.868,0.132,4.318,3.237,12.543,7.083
31664,14.051,0.12,4.134,3.018,9.389,6.671
31665,13.705,0.121,4.24,2.832,9.902,6.418
31666,14.195,0.128,4.498,2.974,10.562,6.505
31667,14.02,0.128,4.537,2.863,10.416,6.403
31668,13.802,0.129,4.411,2.634,9.609,6.551
31669,14.142,0.134,4.555,2.749,10.489,6.621
31670,14.575,0.132,4.717,2.836,11.369,6.809
31671,14.65,0.131,4.709,2.987,11.443,6.751
31672,14.371,0.13,4.632,2.909,27.68,6.482
31673,14.018,0.123,4.531,2.916,27.583,6.237
31674,14.093,0.123,4.515,2.978,27.138,6.267
31675,14.117,0.127,4.576,3.008,26.469,6.202
31676,14.185,0.134,4.552,3.038,27.922,6.258
31677,14.115,0.13,4.537,3.119,30.839,6.124
31678,14.403,0.131,4.661,3.151,32.157,6.252
31679,14.458,0.136,4.71,3.129,32.411,6.274
31680,14.415,0.137,4.713,3.048,33.321,6.31
31681,14.426,0.139,4.653,3.052,33.397,6.385
31682,14.755,0.143,4.825,3.172,30.333,6.426
31683,14.392,0.14,4.638,3.019,29.461,6.413
31684,14.328,0.144,4.596,3.099,29.855,6.309
31685,14.395,0.143,4.643,3.022,28.688,6.412
31686,14.432,0.149,4.607,2.999,30.645,6.502
31687,14.366,0.151,4.619,2.939,31.759,6.478
31688,14.083,0.154,4.502,2.911,33.372,6.335
31689,14.133,0.153,4.496,3.051,32.204,6.252
31690,13.537,0.142,4.352,3.027,31.155,5.835
31691,12.491,0.112,3.775,2.953,27.886,5.484
31692,12.762,0.114,3.966,3.047,33.086,5.456
31693,12.449,0.116,3.718,3.094,32.066,5.335
31694,11.983,0.123,3.266,3.186,33.251,5.209
31695,12.102,0.121,3.344,3.247,33.311,5.181
31696,12.05,0.127,3.289,3.265,34.888,5.146
31697,11.68,0.129,2.845,3.326,33.556,5.16
31698,11.321,0.129,2.587,3.295,30.851,5.119
31699,11.131,0.131,2.494,3.221,30.01,5.091
31700,11.347,0.128,2.362,3.535,26.847,5.112
31701,11.069,0.128,2.023,3.594,26.82,5.086
31702,9.89,0.126,1.643,3.557,26.517,4.357
31703,10.459,0.132,1.835,3.569,26.971,4.721
31704,10.535,0.13,1.7,3.707,26.971,4.798
32118,5.15,0.124,0.688,1.123,3.13,3.099
32119,5.078,0.113,0.702,1.115,3.276,3.031
32120,5.074,0.114,0.702,1.14,2.979,2.998
32121,5.02,0.117,0.663,1.145,2.946,2.974
32122,5.111,0.128,0.683,1.158,3.254,3.025
32123,5.02,0.116,0.693,1.177,3.228,2.915
32124,5.114,0.12,0.708,1.234,3.234,2.92
32125,5.255,0.127,0.735,1.227,3.465,3.027
32126,5.314,0.129,0.762,1.233,3.372,3.046
32127,5.36,0.133,0.751,1.286,3.274,3.064
32128,5.484,0.137,0.794,1.385,3.375,3.041
32129,5.471,0.132,0.792,1.349,2.861,3.082
32130,5.455,0.136,0.791,1.416,2.941,3.001
32131,5.621,0.135,0.823,1.473,2.942,3.081
32132,5.535,0.138,0.751,1.462,3.09,3.078
32133,5.597,0.144,0.783,1.463,2.994,3.1
32134,5.596,0.151,0.781,1.516,2.951,3.04
32135,5.659,0.156,0.771,1.569,2.85,3.052
32136,5.506,0.15,0.712,1.547,2.719,2.983
32137,5.228,0.135,0.615,1.522,2.257,2.856
32138,5.23,0.132,0.664,1.538,2.25,2.799
32139,5.319,0.134,0.644,1.616,2.426,2.82
32140,5.326,0.139,0.584,1.626,2.539,2.861
32141,5.252,0.131,0.576,1.663,2.463,2.763
32142,5.141,0.133,0.559,1.657,2.504,2.669
32143,5.111,0.137,0.543,1.683,2.319,2.63
32144,4.977,0.14,0.533,1.642,2.275,2.557
32145,4.887,0.144,0.523,1.608,2.206,2.513
32146,4.897,0.142,0.469,1.75,2.161,2.433
32147,4.871,0.135,0.454,1.713,2.143,2.462
32148,4.41,0.133,0.359,1.74,2.045,2.06
32149,4.569,0.144,0.327,1.785,2.135,2.188
32150,4.741,0.14,0.306,1.809,2.135,2.369
32655,8.252,0.15,0.869,1.768,1.023,4.773
32656,7.851,0.139,0.765,1.836,0.932,4.562
32657,8.024,0.152,0.768,1.944,0.975,4.606
32658,8.334,0.194,0.858,2.021,0.948,4.667
32659,8.728,0.195,0.938,2.172,0.96,4.812
32660,8.822,0.201,0.949,2.155,0.917,4.888
32661,9.477,0.197,0.944,2.308,0.959,5.336
32662,9.449,0.209,0.956,2.394,0.973,5.229
32663,9.436,0.203,0.996,2.224,0.898,5.357
32664,9.545,0.2,0.986,2.154,0.792,5.439
32665,9.376,0.198,0.962,2.457,0.754,4.973
32666,9.636,0.189,0.872,2.686,0.877,5.166
32667,9.376,0.193,0.756,2.71,0.715,5.136
32668,9.616,0.198,0.719,2.851,0.54,5.339
32669,9.633,0.156,0.799,2.959,0.51,5.234
32670,9.357,0.169,0.717,2.903,0.523,5.111
32671,9.406,0.173,0.589,2.917,0.535,5.306
32672,9.68,0.184,0.66,2.955,0.5,5.177
32673,9.368,0.175,0.677,2.954,0.567,4.951
32674,8.921,0.174,0.481,3.062,0.498,4.791
32675,9.33,0.154,0.624,3.076,0.721,5.013
32676,9.033,0.151,0.646,2.899,0.62,4.904
32677,8.812,0.145,0.632,2.805,0.592,4.834
32678,8.762,0.144,0.638,2.736,0.627,4.827
32679,8.75,0.142,0.676,2.85,0.644,4.687
32680,8.765,0.129,0.647,2.987,0.573,4.6
32681,8.532,0.131,0.664,2.892,0.556,4.462
32682,8.369,0.145,0.678,2.934,0.53,4.303
32683,8.359,0.137,0.651,2.882,0.551,4.388
32684,8.001,0.135,0.65,2.81,0.565,4.122
32685,7.664,0.135,0.657,2.658,0.537,3.96
32686,7.594,0.129,0.673,2.478,0.53,4.082
32687,7.509,0.135,0.676,2.375,0.567,4.074
33272,11.676,0.15,5.547,1.575,2.727,4.01
33273,11.553,0.137,5.602,1.516,2.76,3.916
33274,11.633,0.127,5.671,1.553,2.95,3.888
33275,11.619,0.128,5.594,1.583,3.179,3.925
33276,11.631,0.144,5.552,1.589,3.613,3.955
33277,11.85,0.139,5.616,1.642,3.571,4.065
33278,11.953,0.131,5.691,1.654,3.639,4.097
33279,12.122,0.128,5.849,1.711,3.911,4.051
33280,12.387,0.133,6.08,1.725,4.14,4.035
33281,12.56,0.134,6.178,1.805,4.388,4.04
33282,12.615,0.137,6.174,1.822,4.129,4.064
33283,12.746,0.132,6.246,1.912,4.274,4.036
33284,12.715,0.129,6.18,1.902,4.654,4.083
33285,12.803,0.13,6.284,1.803,4.656,4.2
33286,13.016,0.125,6.396,1.82,4.676,4.292
33287,12.966,0.13,6.274,1.86,4.709,4.31
33288,12.925,0.133,6.272,1.866,4.567,4.264
33289,12.916,0.137,6.068,2.002,4.829,4.312
33290,12.778,0.13,6.024,1.971,4.804,4.251
33291,12.535,0.125,5.896,1.97,4.53,4.157
33292,12.277,0.115,5.629,1.991,4.736,4.149
33293,12.037,0.111,5.314,1.997,4.787,4.237
33294,11.929,0.11,5.179,2.012,4.597,4.254
33295,11.536,0.103,4.738,2.024,4.238,4.303
33296,11.248,0.098,4.449,2.028,4.738,4.273
33297,11.272,0.095,4.528,2.012,4.757,4.211
33298,11.28,0.087,4.572,2.031,4.611,4.141
33299,11.201,0.086,4.443,2.048,4.537,4.13
33300,11.082,0.082,4.204,2.064,4.543,4.2
33301,10.93,0.082,4.039,2.09,4.559,4.12
33302,10.243,0.075,3.777,2.136,4.343,3.803
33303,9.883,0.075,3.618,2.007,4.555,3.761
33304,9.852,0.074,3.379,2.047,4.555,3.934
35526,9.895,0.143,7.941,0.492,5.737,1.056
35527,9.789,0.142,7.941,0.449,4.577,1.063
35528,9.529,0.145,7.682,0.434,4.362,1.08
35529,9.53,0.134,7.651,0.439,4.42,1.12
35530,9.387,0.173,7.392,0.472,4.388,1.19
35531,9.443,0.174,7.358,0.497,4.816,1.212
35532,9.825,0.162,7.635,0.516,4.765,1.323
35533,9.564,0.176,7.228,0.547,5.102,1.398
35534,8.835,0.165,6.56,0.537,5.021,1.371
35535,8.585,0.161,6.249,0.533,4.723,1.427
35536,8.245,0.159,5.943,0.567,4.722,1.365
35537,8.109,0.128,5.849,0.585,4.468,1.356
35538,7.921,0.121,5.69,0.58,4.446,1.337
35539,8.258,0.118,5.862,0.643,4.632,1.423
35540,8.389,0.131,5.867,0.688,4.846,1.507
35541,8.367,0.131,5.771,0.71,4.496,1.55
35542,8.731,0.155,6.027,0.717,4.393,1.616
35543,8.72,0.183,5.911,0.725,4.441,1.693
35544,8.555,0.174,5.723,0.73,4.38,1.721
35545,8.197,0.149,5.423,0.707,3.965,1.74
35546,8.659,0.161,5.724,0.755,4.282,1.818
35547,8.638,0.191,5.654,0.759,4.702,1.807
35548,8.439,0.165,5.541,0.791,4.271,1.721
35549,8.338,0.152,5.551,0.798,4.278,1.602
35550,8.024,0.167,5.261,0.764,4.411,1.595
35551,8.111,0.164,5.23,0.795,4.385,1.685
35552,8.397,0.169,5.245,0.841,4.801,1.898
35553,8.74,0.182,5.281,0.886,4.759,2.147
35554,8.725,0.199,5.157,0.89,4.837,2.227
35555,8.253,0.2,4.618,0.922,4.868,2.274
35556,7.87,0.2,4.273,0.957,5.076,2.199
35557,8.643,0.192,4.806,1.039,5.562,2.348
35558,8.107,0.196,4.401,0.824,5.562,2.44
35699,4.525,0.317,1.098,0.1,0.522,2.952
35700,4.716,0.328,1.16,0.094,0.543,3.074
35701,5.103,0.314,1.19,0.058,0.558,3.478
35702,4.947,0.32,1.254,0.055,0.566,3.254
35703,5.012,0.329,1.315,0.043,0.606,3.236
35704,5.419,0.344,1.451,0.077,0.665,3.439
35705,5.131,0.336,1.342,0.091,0.669,3.26
35706,5.392,0.352,1.354,0.111,0.731,3.456
35707,5.813,0.347,1.208,0.24,0.782,3.897
35708,6.531,0.374,1.456,0.631,0.824,3.953
35709,6.37,0.37,1.457,0.555,0.871,3.87
35710,6.282,0.35,1.225,0.605,0.891,3.976
35711,6.669,0.375,1.314,0.706,0.876,4.15
35712,6.154,0.345,1.239,0.699,0.837,3.747
35713,6.409,0.381,1.246,0.87,0.878,3.782
35714,6.617,0.388,1.241,0.913,0.853,3.94
35715,6.15,0.379,1.239,0.861,0.832,3.54
35716,5.902,0.394,1.082,0.922,0.894,3.367
35717,5.673,0.379,0.93,0.991,0.933,3.238
35718,5.395,0.304,1.014,0.917,0.82,3.038
35719,4.999,0.319,0.607,0.989,0.752,2.96
35720,4.897,0.266,0.817,0.994,0.819,2.693
35721,4.742,0.242,1.058,0.863,0.92,2.433
35722,4.597,0.269,0.974,0.774,0.842,2.386
35723,4.601,0.297,0.991,0.733,0.839,2.401
35724,5.036,0.282,1.212,0.878,0.859,2.472
35725,4.874,0.222,1.047,0.949,0.828,2.473
35726,5.346,0.246,1.202,1.193,0.822,2.515
35727,4.993,0.219,1.008,1.099,0.89,2.478
35728,4.616,0.216,0.488,1.177,0.866,2.539
35729,4.049,0.224,0.235,1.164,0.778,2.252
35730,3.881,0.205,0.101,1.099,0.82,2.305
35731,4.051,0.205,0.101,1.043,0.82,2.53
36216,7.729,0.195,2.402,3.087,1.705,1.919
36217,6.226,0.14,1.881,2.509,1.293,1.595
36218,5.79,0.127,1.982,2.011,1.082,1.576
36219,5.4,0.125,1.783,1.921,0.964,1.483
36220,5.342,0.122,1.811,1.878,0.941,1.442
36221,5.579,0.14,1.874,1.959,1.011,1.513
36222,5.761,0.143,1.868,1.949,1.012,1.709
36223,5.301,0.135,1.669,1.614,0.955,1.792
36224,4.732,0.132,1.422,1.517,1.129,1.545
36225,4.039,0.12,1.184,1.385,0.983,1.246
36226,4.258,0.121,1.348,1.413,1.039,1.285
36227,4.541,0.127,1.464,1.36,1.185,1.51
36228,4.586,0.122,1.522,1.432,1.148,1.423
36229,4.833,0.123,1.671,1.573,1.171,1.369
36230,4.851,0.141,1.684,1.503,1.248,1.423
36231,4.828,0.151,1.709,1.449,1.081,1.414
36232,4.988,0.175,1.829,1.503,1.233,1.353
36233,5.255,0.195,2.033,1.483,1.507,1.411
36234,5.238,0.201,1.982,1.51,1.382,1.41
36235,4.323,0.151,1.589,1.234,1.017,1.246
36236,4.234,0.137,1.452,1.353,1.088,1.182
36237,4.59,0.153,1.691,1.403,1.109,1.245
36238,4.525,0.156,1.579,1.398,1.047,1.299
36239,3.955,0.134,1.267,1.246,1.011,1.216
36240,3.957,0.147,1.254,1.198,1.242,1.255
36241,3.92,0.168,1.265,1.171,1.155,1.219
36242,3.875,0.161,1.119,1.17,1.216,1.322
36243,4.043,0.168,1.11,1.23,1.305,1.43
36244,4.094,0.179,1.056,1.285,1.314,1.463
36245,3.938,0.196,0.932,1.177,1.176,1.529
36246,3.808,0.201,0.734,1.285,0.87,1.502
36247,3.994,0.205,0.805,1.284,1.01,1.608
36248,3.74,0.189,0.791,1.052,1.01,1.617
36398,10.903,0.112,3.225,4.709,17.687,2.604
36399,10.705,0.086,3.221,4.721,15.372,2.438
36400,10.019,0.083,2.785,4.524,13.943,2.386
36401,9.922,0.081,2.713,4.56,11.88,2.34
36402,10.141,0.089,2.766,4.66,12.937,2.378
36403,10.073,0.103,2.908,4.642,14.11,2.162
36404,10.364,0.108,3.046,4.74,13.438,2.211
39723,11.684,0.278,6.392,2.326,1.295,2.437
39724,10.092,0.197,5.472,2.261,0.928,1.981
39725,9.221,0.246,4.882,2.267,0.738,1.68
39726,8.71,0.193,4.643,2.171,0.828,1.542
39727,8.196,0.209,4.163,2.099,0.836,1.564
39728,8.251,0.216,3.999,2.318,0.954,1.536
39729,8.216,0.205,3.878,2.433,0.943,1.52
39730,8.218,0.226,3.825,2.477,0.911,1.515
39731,8.16,0.339,3.575,2.543,1.036,1.505
39732,8.008,0.34,3.426,2.58,1.079,1.456
39733,7.651,0.221,3.305,2.539,1.074,1.382
39734,8.04,0.225,3.42,2.68,1.158,1.495
39735,7.81,0.217,3.348,2.514,1.214,1.5
39736,7.871,0.171,3.523,2.446,1.135,1.515
39737,7.961,0.226,3.533,2.401,1.274,1.559
39738,7.961,0.234,3.302,2.445,1.286,1.736
39739,7.916,0.258,3.489,2.276,1.212,1.663
39740,7.618,0.276,3.265,2.116,1.224,1.729
39741,7.686,0.298,3.17,2.187,1.274,1.79
39742,6.982,0.225,2.974,1.932,0.946,1.672
39743,7.117,0.159,2.974,2.048,1.089,1.731
39744,7.031,0.234,3.018,1.929,1.113,1.641
39745,6.639,0.203,2.695,1.86,1.032,1.687
39746,6.569,0.21,2.637,1.89,0.907,1.661
39747,6.211,0.234,2.599,1.566,0.926,1.636
39748,6.355,0.241,2.566,1.606,0.855,1.78
39749,6.428,0.247,2.546,1.629,0.849,1.846
39750,6.639,0.251,2.626,1.726,0.913,1.864
39751,6.629,0.247,2.608,1.718,0.937,1.879
39752,6.193,0.257,2.16,1.718,0.885,1.893
39753,5.699,0.264,1.825,1.702,0.784,1.762
39754,6.455,0.267,2.236,1.909,0.888,1.878
39755,6.052,0.257,1.979,1.843,0.888,1.813
39896,7.6,0.237,3.589,0.876,0.271,2.711
39897,7.023,0.209,3.196,0.888,0.214,2.574
39898,6.971,0.193,3.424,0.742,0.173,2.465
39899,7.153,0.145,3.16,0.741,0.172,2.966
39900,7.349,0.192,2.995,0.763,0.192,3.25
39901,7.711,0.204,3.049,0.769,0.169,3.545
39902,8.037,0.219,2.808,0.821,0.155,4.053
39903,8.296,0.222,3.026,0.787,0.156,4.12
39904,8.067,0.231,3.109,0.818,0.154,3.772
39905,7.76,0.234,2.801,0.841,0.152,3.749
39906,7.586,0.247,2.932,0.859,0.129,3.423
39907,8.223,0.255,3.273,0.883,0.139,3.675
39908,8.35,0.224,3.477,0.864,0.13,3.648
39909,8.179,0.227,3.259,0.947,0.135,3.598
39910,8.366,0.237,3.348,0.951,0.132,3.683
39911,8.446,0.243,3.317,0.962,0.167,3.759
39912,8.531,0.254,3.326,0.945,0.18,3.828
39913,8.572,0.268,3.431,0.932,0.179,3.76
39914,8.986,0.292,3.284,0.923,0.172,4.319
39915,7.922,0.206,3.002,0.873,0.112,3.701
39916,8.001,0.174,3.054,0.915,0.138,3.706
39917,7.92,0.148,3.063,0.848,0.133,3.707
39918,7.616,0.153,2.896,0.814,0.117,3.605
39919,7.3,0.189,2.77,0.793,0.102,3.425
39920,6.536,0.202,2.171,0.717,0.099,3.345
39921,6.558,0.176,2.218,0.759,0.101,3.3
39922,6.918,0.164,2.375,0.806,0.103,3.461
39923,6.966,0.195,2.338,0.836,0.101,3.482
39924,6.895,0.214,2.276,0.817,0.106,3.476
39925,6.645,0.226,2.144,0.83,0.105,3.336
39926,6.07,0.224,2.074,0.826,0.104,2.838
39927,6.162,0.221,1.883,0.87,0.119,3.078
39928,5.998,0.221,1.412,0.87,0.119,3.386
40588,2.017,0.072,0.224,0.361,3.688,1.253
40589,2.006,0.076,0.226,0.37,3.755,1.231
40590,2.01,0.071,0.219,0.293,3.948,1.324
40591,2.087,0.074,0.221,0.333,4.241,1.345
40592,2.061,0.078,0.227,0.369,4.098,1.314
40593,2.129,0.082,0.232,0.416,4.104,1.323
40594,2.187,0.087,0.237,0.455,4.248,1.335
40595,2.294,0.094,0.246,0.482,4.338,1.392
40596,2.434,0.096,0.244,0.526,4.141,1.489
40597,2.358,0.091,0.228,0.451,4.352,1.51
40598,2.323,0.089,0.226,0.477,5.008,1.451
40599,2.233,0.084,0.205,0.468,4.811,1.397
40600,2.283,0.077,0.199,0.503,4.956,1.432
40601,2.256,0.076,0.21,0.51,5.064,1.388
40602,2.328,0.075,0.209,0.568,5.505,1.407
40603,2.367,0.082,0.21,0.549,5.356,1.45
40604,2.414,0.092,0.213,0.557,5.41,1.482
40605,2.479,0.095,0.22,0.553,5.666,1.538
40606,2.566,0.1,0.235,0.576,5.69,1.579
40607,2.472,0.098,0.195,0.552,5.06,1.541
40608,2.729,0.103,0.241,0.615,5.95,1.691
40609,2.744,0.109,0.266,0.616,6.337,1.663
40610,2.853,0.116,0.261,0.654,6.403,1.718
40611,2.984,0.122,0.291,0.658,6.486,1.802
40612,3.004,0.122,0.295,0.682,6.278,1.788
40613,2.89,0.117,0.302,0.677,6.392,1.68
40614,2.762,0.105,0.284,0.66,6.392,1.604
40615,2.695,0.099,0.277,0.646,6.392,1.574
40616,2.514,0.096,0.268,0.621,6.392,1.427
40617,2.493,0.096,0.271,0.604,6.392,1.413
40618,2.229,0.096,0.242,0.532,6.392,1.254
40619,2.502,0.108,0.262,0.601,6.392,1.428
40620,2.487,0.107,0.218,0.571,6.392,1.485
40934,5.678,0.36,2.138,0.146,2.95,2.968
41300,5.927,0.316,2.054,0.31,3.001,3.125
41301,6.16,0.3,2.113,0.345,2.945,3.282
41302,6.342,0.266,2.185,0.372,2.858,3.399
41303,6.089,0.251,2.092,0.359,2.872,3.267
41304,6.367,0.29,2.093,0.384,3.14,3.468
41305,6.682,0.311,2.157,0.474,3.324,3.61
41306,6.338,0.303,1.817,0.532,3.351,3.558
41307,6.616,0.317,1.875,0.684,3.497,3.607
41308,6.803,0.342,1.82,0.705,3.708,3.796
41309,7.352,0.356,2.06,0.802,3.951,3.988
41310,7.611,0.361,2.168,0.912,4.268,4.012
41311,7.611,0.367,1.98,0.976,4.29,4.135
41312,8.003,0.374,2.192,1.086,4.486,4.193
41313,7.964,0.38,1.996,1.214,4.573,4.221
41314,8.217,0.379,2.034,1.367,4.784,4.274
41315,8.432,0.384,2.009,1.577,4.822,4.298
41316,8.096,0.377,1.755,1.666,5.086,4.129
41317,8.12,0.372,1.87,1.671,4.817,4.043
41318,7.307,0.313,1.291,1.795,4.13,3.768
41319,6.395,0.246,0.972,1.589,3.047,3.473
41320,6.075,0.24,0.781,1.581,3.148,3.357
41321,6.073,0.204,1.16,1.456,3.281,3.125
41322,5.947,0.187,1.353,1.392,2.92,2.88
41323,5.406,0.164,1.056,1.267,2.872,2.775
41324,5.47,0.191,1.165,1.168,2.925,2.796
41325,5.832,0.198,1.332,1.219,3.041,2.937
41326,5.587,0.203,0.983,1.241,2.875,3.018
41327,5.873,0.203,1.151,1.342,3.037,3.03
41328,5.74,0.207,1.028,1.322,3.091,3.037
41329,5.318,0.192,0.503,1.51,3.02,2.971
41330,4.51,0.173,0.34,1.357,2.685,2.509
41331,4.849,0.178,0.368,1.435,2.9,2.733
41332,5.164,0.17,0.48,1.38,2.9,3.0
42199,6.728,0.149,1.374,0.186,0.574,4.912
42200,6.718,0.132,1.377,0.2,0.537,4.914
42201,6.663,0.126,1.284,0.231,0.474,4.931
42202,6.629,0.126,1.271,0.238,0.515,4.895
42203,6.88,0.127,1.287,0.232,0.612,5.129
42204,6.794,0.148,1.281,0.235,0.564,5.027
42205,7.214,0.139,1.41,0.253,0.587,5.308
42206,6.629,0.126,1.224,0.256,0.601,4.914
42207,6.66,0.128,1.258,0.253,0.656,4.906
42208,6.326,0.129,1.135,0.245,0.663,4.699
42209,6.192,0.145,1.139,0.234,0.639,4.56
42210,6.276,0.15,1.23,0.269,0.619,4.516
42211,6.351,0.143,1.279,0.274,0.681,4.537
42212,6.393,0.135,1.289,0.253,0.666,4.598
42213,6.277,0.143,1.312,0.244,0.66,4.462
42214,5.952,0.145,1.21,0.206,0.748,4.268
42215,5.902,0.158,1.175,0.225,0.673,4.181
42216,5.783,0.146,1.176,0.236,0.748,4.051
42217,5.511,0.151,1.121,0.205,0.702,3.865
42218,5.079,0.136,0.793,0.267,0.549,3.731
42219,5.662,0.141,1.1,0.366,0.701,3.893
42220,5.198,0.144,1.0,0.287,0.699,3.605
42221,4.888,0.155,0.904,0.246,0.666,3.425
42222,4.685,0.145,0.906,0.244,0.66,3.248
42223,4.46,0.144,0.851,0.211,0.574,3.117
42224,4.408,0.156,0.814,0.2,0.581,3.096
42225,4.362,0.156,0.807,0.227,0.585,3.048
42226,4.221,0.148,0.827,0.18,0.627,2.925
42227,4.137,0.158,0.796,0.186,0.55,2.861
42228,3.994,0.132,0.79,0.173,0.522,2.795
42229,3.538,0.123,0.641,0.139,0.532,2.541
42230,3.681,0.12,0.668,0.181,0.519,2.661
42231,3.607,0.119,0.663,0.135,0.519,2.64
42372,6.58,0.385,0.219,0.578,0.262,5.356
42373,6.789,0.331,0.178,0.638,0.255,5.599
42374,6.695,0.307,0.13,0.661,0.252,5.555
42375,6.287,0.276,0.11,0.686,0.253,5.173
42376,6.103,0.302,0.111,0.67,0.245,4.979
42377,6.167,0.283,0.113,0.731,0.242,5.001
42378,6.238,0.253,0.081,0.79,0.236,5.073
42379,6.072,0.227,0.071,0.763,0.227,4.975
42380,6.276,0.226,0.062,0.783,0.227,5.167
42381,6.222,0.225,0.063,0.809,0.229,5.087
42382,6.073,0.24,0.09,0.802,0.233,4.903
42383,6.24,0.243,0.09,0.83,0.233,5.038
42384,5.973,0.232,0.082,0.81,0.222,4.813
42385,6.09,0.226,0.082,0.85,0.223,4.897
42386,6.128,0.237,0.08,0.873,0.245,4.899
42387,6.163,0.249,0.085,0.89,0.257,4.896
42388,6.069,0.248,0.091,0.861,0.248,4.83
42389,5.75,0.25,0.098,0.832,0.249,4.531
42390,5.853,0.243,0.089,0.875,0.233,4.609
42391,5.628,0.239,0.082,0.828,0.196,4.448
42392,5.758,0.25,0.083,0.915,0.221,4.476
42393,5.18,0.243,0.077,0.804,0.213,4.022
42394,5.284,0.226,0.07,0.87,0.212,4.086
42395,5.339,0.227,0.072,0.904,0.192,4.107
42396,4.791,0.23,0.074,0.776,0.197,3.684
42397,4.676,0.207,0.068,0.819,0.181,3.558
42398,4.679,0.211,0.063,0.851,0.176,3.53
42399,4.517,0.208,0.06,0.838,0.176,3.386
42400,4.33,0.204,0.056,0.785,0.175,3.261
42401,4.283,0.202,0.05,0.802,0.169,3.205
42402,3.963,0.194,0.048,0.77,0.163,2.929
42403,4.118,0.199,0.048,0.834,0.171,3.014
42404,4.048,0.198,0.048,0.702,0.171,3.078
42727,10.223,0.398,4.977,0.591,1.662,4.183
42728,10.289,0.407,5.193,0.662,0.888,3.987
42735,11.592,0.37,6.751,1.099,0.785,3.338
42736,10.957,0.341,6.373,1.062,0.603,3.155
42737,11.703,0.351,6.821,1.33,0.511,3.179
42738,11.938,0.368,6.963,1.469,1.065,3.092
42739,11.739,0.344,6.834,1.55,1.337,2.952
42740,11.739,0.344,6.895,1.525,1.837,2.896
42741,11.799,0.303,6.91,1.606,1.64,2.911
42742,11.733,0.268,6.778,1.737,2.031,2.863
42743,11.856,0.229,6.761,1.792,1.713,3.002
42744,12.054,0.226,6.883,1.966,0.905,2.94
42745,11.945,0.227,6.709,2.052,1.025,2.914
42746,11.521,0.232,6.512,1.978,0.993,2.758
42747,11.409,0.242,6.317,2.226,0.831,2.59
42748,12.205,0.245,6.791,2.42,0.831,2.713
42749,11.631,0.23,6.378,2.491,0.831,2.498
44105,2.791,0.192,1.292,0.141,2.979,1.107
44106,2.858,0.217,1.356,0.165,2.919,1.063
44107,2.914,0.236,1.334,0.176,2.294,1.123
44108,2.987,0.228,1.232,0.194,3.07,1.276
44109,2.874,0.231,1.176,0.195,3.29,1.211
44110,3.058,0.238,1.199,0.244,3.415,1.316
44111,3.311,0.243,1.372,0.279,3.142,1.362
44112,3.461,0.246,1.478,0.339,3.561,1.337
44113,3.408,0.246,1.511,0.348,3.463,1.245
44114,3.291,0.231,1.334,0.423,3.26,1.248
44115,3.586,0.237,1.538,0.47,3.234,1.289
44116,3.282,0.232,1.3,0.501,3.016,1.201
44117,3.352,0.235,1.323,0.527,3.223,1.216
44118,3.541,0.24,1.377,0.646,3.468,1.224
44119,3.611,0.254,1.379,0.655,3.757,1.266
44120,3.855,0.278,1.487,0.798,4.129,1.229
44121,4.057,0.299,1.605,0.893,4.466,1.194
44122,4.452,0.323,1.79,1.022,4.751,1.247
44123,4.355,0.348,1.724,1.003,4.251,1.218
44124,4.381,0.374,1.806,0.988,3.685,1.159
44125,4.32,0.41,1.773,0.979,4.11,1.1
44134,4.824,0.387,1.988,1.002,6.199,1.37
45077,13.689,0.182,5.101,4.191,8.299,3.987
45078,12.249,0.173,4.308,4.352,6.391,3.233
45079,11.379,0.168,4.738,3.807,6.301,2.493
45080,9.856,0.124,4.556,3.203,5.257,1.825
45081,8.147,0.097,3.609,2.803,4.521,1.507
45082,7.639,0.067,3.409,2.625,3.988,1.416
45083,6.95,0.043,2.889,2.724,2.485,1.201
45084,6.787,0.048,3.076,2.586,2.396,0.986
45085,6.61,0.056,2.474,3.134,2.276,0.855
45086,6.054,0.051,2.508,2.643,2.29,0.761
45087,5.844,0.046,2.514,2.543,2.451,0.647
45088,6.277,0.051,2.723,2.694,2.966,0.702
45089,6.168,0.059,2.839,2.424,3.026,0.737
45090,6.454,0.076,2.782,2.695,3.257,0.782
45091,6.572,0.09,2.863,2.717,3.588,0.772
45092,6.683,0.102,2.897,2.779,3.746,0.773
45093,7.148,0.118,3.306,2.72,3.802,0.869
45094,7.273,0.133,3.486,2.579,4.004,0.931
45095,7.077,0.137,3.357,2.492,3.661,0.953
45096,6.053,0.056,2.979,1.962,3.075,0.931
45097,6.444,0.063,3.183,2.199,3.162,0.872
45098,6.775,0.086,3.38,2.29,3.938,0.874
45099,6.704,0.072,3.501,2.142,3.877,0.847
45100,6.566,0.075,3.536,1.997,3.551,0.824
45101,5.707,0.073,3.065,1.665,2.947,0.783
45102,4.975,0.073,2.654,1.456,2.759,0.678
45103,5.218,0.081,2.829,1.429,2.942,0.761
45104,4.995,0.08,2.521,1.492,2.671,0.791
45105,5.212,0.084,2.712,1.506,2.841,0.792
45106,5.02,0.09,2.58,1.366,2.714,0.87
45107,4.71,0.093,2.326,1.38,2.78,0.795
45108,4.828,0.1,2.384,1.375,2.877,0.851
45109,3.558,0.109,1.431,1.061,2.877,0.827
45523,10.522,0.128,4.417,1.984,3.856,3.807
45524,10.624,0.105,4.422,2.122,3.452,3.807
45525,10.326,0.095,4.134,2.127,3.456,3.798
45526,10.054,0.096,3.603,2.387,3.012,3.802
45527,9.934,0.11,3.381,2.517,3.656,3.733
45528,9.773,0.108,3.137,2.663,3.985,3.653
45529,10.103,0.11,2.98,3.057,4.131,3.734
45530,9.66,0.115,2.656,3.14,3.428,3.566
45531,9.729,0.117,2.637,3.275,3.874,3.507
45532,9.579,0.111,2.359,3.5,3.74,3.439
45533,9.669,0.108,2.454,3.571,3.444,3.369
45534,9.781,0.099,2.598,3.556,3.289,3.362
45535,9.439,0.101,2.387,3.488,3.254,3.304
45536,9.583,0.098,2.567,3.495,4.226,3.259
45537,9.558,0.1,2.461,3.529,4.486,3.299
45538,9.445,0.098,2.452,3.402,4.488,3.32
45539,9.339,0.097,2.645,3.193,4.528,3.243
45540,9.134,0.1,2.462,3.208,4.509,3.202
45541,8.826,0.084,2.255,3.282,4.304,3.058
45542,7.938,0.06,1.829,3.022,3.348,2.896
45543,8.157,0.06,1.881,3.217,3.569,2.866
45544,7.422,0.065,1.851,2.658,3.719,2.719
45545,7.64,0.058,2.32,2.48,3.573,2.669
45546,7.428,0.063,2.215,2.451,3.531,2.578
45547,6.774,0.065,1.782,2.231,3.72,2.571
45548,6.477,0.067,1.404,2.268,3.206,2.618
45549,6.084,0.069,0.728,2.524,2.821,2.649
45550,5.863,0.067,0.592,2.448,2.979,2.647
45551,5.716,0.066,0.501,2.431,3.037,2.605
45552,5.462,0.067,0.367,2.386,3.193,2.531
45553,4.865,0.058,0.34,2.228,2.71,2.147
45554,5.164,0.063,0.363,2.376,2.78,2.269
45555,4.72,0.06,0.29,2.025,2.548,2.259
45688,10.322,0.055,6.846,0.64,1.32,2.771
45689,10.992,0.046,7.251,0.636,1.54,3.046
45690,11.622,0.056,7.8,0.719,1.614,3.034
45691,11.991,0.054,7.892,0.774,1.98,3.256
45694,11.927,0.073,7.135,0.907,2.201,3.794
45695,13.038,0.084,7.998,0.968,2.861,3.965
45705,14.823,0.129,7.279,1.815,4.181,5.571
45707,17.389,0.146,8.045,2.498,5.501,6.379
45708,16.681,0.146,7.023,2.634,5.355,6.545
45709,16.809,0.151,6.857,2.723,6.455,6.755
45710,15.736,0.153,5.774,2.806,5.721,6.72
45711,16.933,0.165,6.369,2.974,6.968,7.124
45712,17.432,0.173,6.512,3.083,7.042,7.337
45713,16.986,0.162,6.134,3.238,6.822,7.15
45714,16.145,0.163,5.221,3.354,6.161,7.171
45715,16.339,0.174,5.256,3.423,8.289,7.261
45716,16.444,0.163,5.21,3.576,8.582,7.274
45717,16.12,0.16,4.955,3.554,8.802,7.244
45718,16.457,0.164,5.062,3.718,9.169,7.337
45719,16.932,0.17,5.345,3.891,9.682,7.361
45720,17.43,0.176,5.602,4.053,10.709,7.443
45721,17.92,0.176,5.749,4.125,11.149,7.721
45722,18.618,0.18,5.905,4.39,12.029,7.974
45764,19.35,0.135,6.986,4.098,28.436,7.899
45765,17.765,0.096,6.069,3.992,25.629,7.391
45766,18.252,0.101,6.372,4.147,30.836,7.393
45767,17.67,0.103,5.968,4.176,29.64,7.176
45768,16.877,0.111,5.238,4.333,30.712,6.935
45769,17.159,0.114,5.387,4.416,30.847,6.966
45770,17.168,0.122,5.312,4.457,32.385,6.98
45771,16.563,0.123,4.557,4.547,31.237,7.041
45772,16.054,0.121,4.12,4.529,28.577,7.029
45773,15.804,0.122,3.968,4.429,27.804,7.02
45989,2.091,0.031,1.437,0.087,18.925,0.481
45990,1.908,0.03,1.217,0.109,20.417,0.501
45991,1.849,0.032,1.103,0.131,21.108,0.53
45992,1.886,0.034,1.1,0.15,22.069,0.552
45993,1.947,0.037,1.1,0.175,24.271,0.582
45994,2.026,0.041,1.128,0.195,23.383,0.603
45995,2.109,0.044,1.151,0.21,24.192,0.643
45996,2.083,0.044,1.07,0.224,25.244,0.671
45997,2.138,0.045,1.069,0.235,26.197,0.709
45998,2.257,0.047,1.123,0.243,28.285,0.759
45999,2.456,0.052,1.256,0.228,31.22,0.83
46000,2.585,0.055,1.299,0.249,31.605,0.89
46001,2.659,0.058,1.317,0.257,34.576,0.945
46002,2.736,0.06,1.31,0.271,37.544,1.01
46003,2.774,0.061,1.287,0.282,38.011,1.066
46004,2.918,0.065,1.374,0.3,34.406,1.106
46005,2.999,0.067,1.376,0.321,36.52,1.155
46006,3.101,0.07,1.426,0.34,36.415,1.19
46007,3.244,0.075,1.482,0.355,37.506,1.254
46008,3.282,0.075,1.498,0.378,38.527,1.257
46009,3.295,0.077,1.494,0.39,35.586,1.266
46010,3.222,0.078,1.44,0.405,34.129,1.242
46011,3.306,0.079,1.505,0.422,35.625,1.24
46012,3.327,0.079,1.532,0.444,38.366,1.215
46013,3.392,0.083,1.602,0.472,41.674,1.178
46014,3.568,0.087,1.737,0.504,44.857,1.184
47420,1.357,0.0,1.29,0.009,1.834,0.057
47421,1.433,0.0,1.364,0.01,1.98,0.057
47422,1.484,0.0,1.414,0.011,2.127,0.057
47423,1.676,0.0,1.594,0.012,2.054,0.069
47424,1.598,0.0,1.511,0.011,1.834,0.074
47425,1.65,0.0,1.558,0.013,2.347,0.077
47426,1.716,0.0,1.619,0.014,2.347,0.082
47427,1.731,0.0,1.629,0.014,2.274,0.086
47428,1.807,0.0,1.702,0.016,2.347,0.088
47429,1.945,0.0,1.826,0.016,2.421,0.101
47430,1.752,0.0,1.632,0.017,2.274,0.103
47431,1.716,0.0,1.589,0.017,2.421,0.108
47432,1.841,0.0,1.701,0.021,2.714,0.117
47433,1.912,0.0,1.759,0.022,2.494,0.129
47434,1.873,0.0,1.721,0.02,2.127,0.131
47435,1.612,0.0,1.445,0.02,2.201,0.146
47436,1.858,0.0,1.649,0.022,2.347,0.185
47437,1.619,0.0,1.398,0.018,1.687,0.202
47438,1.683,0.0,1.439,0.021,2.421,0.222
47439,1.893,0.0,1.62,0.027,2.714,0.244
47440,1.882,0.0,1.61,0.03,2.714,0.241
47441,1.886,0.007,1.595,0.032,3.081,0.25
47442,1.836,0.007,1.546,0.035,3.007,0.247
47443,1.986,0.008,1.671,0.038,2.934,0.269
47444,1.96,0.018,1.628,0.041,2.934,0.272
47445,2.085,0.018,1.719,0.05,2.861,0.296
47446,1.902,0.017,1.552,0.05,2.274,0.281
47447,1.685,0.015,1.355,0.044,1.834,0.27
47448,1.504,0.012,1.195,0.042,1.32,0.256
47449,1.568,0.011,1.237,0.043,1.54,0.277
47450,1.688,0.013,1.337,0.047,1.614,0.29
47451,1.754,0.015,1.378,0.051,1.98,0.309
47452,1.904,0.018,1.495,0.057,2.494,0.334
47453,2.015,0.018,1.559,0.063,2.714,0.372
47454,1.875,0.017,1.438,0.06,2.201,0.358
47455,1.964,0.016,1.516,0.062,2.861,0.369
47456,2.122,0.014,1.656,0.067,3.227,0.384
47457,2.154,0.019,1.683,0.066,4.034,0.384
47458,2.132,0.016,1.68,0.071,4.034,0.362
47459,2.15,0.015,1.674,0.078,4.328,0.381
47460,2.166,0.01,1.637,0.084,4.328,0.434
47461,1.789,0.01,1.26,0.091,3.961,0.427
47462,1.938,0.015,1.349,0.093,3.961,0.479
47463,2.129,0.018,1.498,0.103,4.548,0.509
47464,2.226,0.021,1.534,0.115,4.841,0.554
47465,2.103,0.024,1.439,0.122,4.181,0.517
47466,2.372,0.027,1.543,0.141,4.988,0.63
47467,2.509,0.03,1.596,0.164,5.501,0.686
47468,2.497,0.031,1.547,0.173,5.355,0.711
47469,2.519,0.034,1.531,0.18,6.455,0.741
47470,2.522,0.036,1.5,0.186,5.721,0.769
47471,2.711,0.039,1.592,0.199,6.968,0.843
47472,2.83,0.042,1.641,0.21,7.042,0.896
47473,2.864,0.043,1.638,0.226,6.822,0.918
47474,2.886,0.044,1.63,0.242,6.161,0.935
47475,2.981,0.049,1.666,0.255,8.289,0.978
47476,3.109,0.052,1.706,0.276,27.507,1.035
47477,3.068,0.053,1.61,0.288,29.219,1.08
47478,3.117,0.056,1.575,0.31,30.277,1.139
47479,3.212,0.058,1.597,0.328,31.751,1.191
47480,3.313,0.063,1.595,0.353,34.98,1.257
47481,3.389,0.065,1.584,0.369,34.532,1.322
47482,3.482,0.068,1.57,0.393,36.221,1.398
47483,3.521,0.069,1.513,0.412,37.2,1.461
47484,3.638,0.072,1.499,0.44,38.593,1.559
47485,3.801,0.075,1.524,0.472,41.708,1.651
47486,4.032,0.078,1.542,0.485,44.35,1.84
47487,4.112,0.08,1.511,0.513,44.661,1.91
47498,4.094,0.087,1.543,0.593,45.013,1.81
